driver_id,name,gender,age,experience,driving_style,ratings,vehicle_no,average_speed_mph
d9f30553-6,Daniel Marks,male,47,5,proactive,7,42302347,62.22
82de7bb8-2,Clifford Carr,male,47,14,proactive,4,27867488,60.89
7e789842-4,Terry Faulkner MD,male,41,9,conservative,2,13927774,53.67
b2555587-8,Brendan Jacobs,male,44,10,proactive,2,69577118,59.82
b2e58421-d,Vincent Davis,male,41,10,proactive,7,28650047,62.65
6ef125cc-7,Alexander Wheeler,male,49,10,proactive,4,29303248,57.66
e2796d38-5,Frederick Perry,male,54,17,conservative,9,76304377,40.79
86b61bd1-8,Todd Garrison,male,49,5,,4,21093078,61.7
24d78a24-e,John Anthony,male,48,0,conservative,3,41713749,42.15
09665f38-8,Robert Russell DDS,male,40,6,conservative,2,14730346,46.49
0a1a814b-7,Emily Christian,female,56,19,proactive,4,45395833,62.13
6c5cb5b0-f,Jared Palmer,male,46,13,proactive,8,63115903,60.13
ddf2137b-9,Robert Tucker,male,50,10,conservative,7,10633538,49.87
a3fff7b4-5,Randall Hernandez,male,55,14,proactive,6,32648498,58.28
0dc6fcfe-f,Steven Williams,male,45,18,proactive,4,30567382,60.77
2f2e8d57-9,Joshua Martinez,male,46,9,conservative,3,27799951,38.87
cf474820-2,Antonio Hughes,male,49,19,conservative,4,28678505,46.85
6beb538f-f,Thomas Wilson,male,44,11,conservative,4,27565604,43.93
25ee5381-f,Kyle Miller,male,51,18,proactive,7,11490614,57.49
458fb6c9-c,Shirley Wilson,female,51,25,conservative,4,77945069,48.95
1ed64257-3,Steven Walton,male,43,10,proactive,3,96362807,54.95
41d949f2-1,Dr. Dakota Thomas,male,43,5,proactive,3,14370115,59.43
026b6855-6,Scott Jennings,male,45,9,proactive,7,13680498,62.16
2d328d4c-1,Bryan Serrano,male,61,19,conservative,7,12515055,45.94
0ff54fff-3,James Taylor,male,55,23,proactive,4,14407628,59.04
6e8acd6e-7,Lee Thompson,male,44,13,proactive,4,29781564,56.85
933fba70-5,Ronald Moore,male,45,9,proactive,7,17743573,62.59
adaa60e8-1,Charles Adams,male,43,4,proactive,4,25645401,60.74
c81cfed6-d,Kenneth Jones,male,54,18,proactive,6,24287743,56.12
9a267df3-a,Walter Webb,male,44,7,proactive,8,33014292,62.2
1aadd95f-1,David Frye,male,50,10,conservative,8,18910102,41.03
e51bfb50-7,Christopher Hunter,male,46,7,proactive,8,17139230,59.36
0fc4a002-7,Andrew Williams,male,51,18,proactive,6,21001184,60.21
4bed124f-5,Steven Mccoy,male,53,15,proactive,4,27274345,63.16
a0e27c93-a,Jay Hernandez,male,44,6,,7,31908174,61.84
09a3aa73-5,Gary Smith,male,49,14,proactive,4,14541120,63.42
dee63462-9,Nicholas Jacobson,male,37,7,proactive,2,28389523,59.53
03a30b47-b,Alexander Malone,male,53,24,proactive,4,33201533,61.75
0ebf15b7-1,Nathaniel Young,male,45,10,conservative,2,25886492,44.95
4a45dc37-f,Alexander Wright,male,43,4,conservative,8,14654654,45.29
5a450fab-c,Robert Silva,male,44,11,conservative,8,27381592,43.81
9f7ae89e-7,Michael Holt,male,46,18,proactive,8,24123509,60.31
36f9be84-1,William Carroll,male,46,7,conservative,4,81904066,44.02
7e00231d-5,Isaac Martin,male,49,17,conservative,7,22653688,39.27
ac199cbb-0,Thomas Harris,male,44,16,conservative,4,15561135,39.32
38bef06a-9,Wayne Austin,male,49,8,conservative,8,21945481,42.63
a93aa732-6,Brian Hull PhD,male,45,9,conservative,2,23059473,49.41
41cacbc8-c,Brandon Osborn,male,46,5,proactive,2,91138034,63.57
9c4d8a3a-e,Gregory Swanson,male,46,10,conservative,2,29906375,50.83
2ceb9726-d,Christopher Reeves,male,41,4,proactive,8,11346582,57.43
9dd98702-6,Gary Hernandez,male,50,14,proactive,4,61292553,59.89
429243ad-1,Joshua Stewart,male,41,10,conservative,2,29349534,50.52
85ab8007-b,Dillon Cruz,male,48,13,conservative,6,16290844,54.29
88599225-0,Jeremy Curtis,male,45,11,conservative,6,23060231,45.3
6218d4cd-2,Timothy Huynh,male,54,22,conservative,4,16825520,42.4
7d2e5100-d,Jason Bowman Jr.,male,46,14,conservative,6,31955961,45.49
568c284b-b,Christopher Lopez,male,56,24,conservative,6,23826257,49.9
347ecab4-9,Randy Brown,male,55,12,conservative,4,14902476,33.15
333ea761-e,Albert Gillespie,male,57,26,conservative,4,24774056,44.76
2236f7dd-a,James Lynch,male,55,19,proactive,9,27618452,58.16
62c961b4-5,Christopher Ramirez,male,45,12,proactive,8,56498624,60.67
ec9fae02-e,Rachel Hutchinson,female,48,14,conservative,8,25523248,45.35
99d461e9-9,Jeffrey Simmons,male,51,15,proactive,6,12298240,60.17
78db4b86-2,Wanda Crosby,,45,7,proactive,8,31825609,56.88
45b11b01-6,Greg Gallagher,male,40,2,conservative,2,12052665,43.79
7ac45525-d,Thomas Jones,male,57,17,proactive,4,30977437,58.88
3aa0be49-8,William Jenkins,male,42,8,conservative,7,30594654,45.96
c3362ffc-f,Brian Garcia,male,49,5,conservative,8,28978466,45.73
ba25cb5d-b,Edward Myers,male,42,7,conservative,7,43346401,49.63
87aa032b-9,Allen Smith,male,51,24,proactive,9,17464939,57.72
f714636b-e,Lucas Shaw,male,42,9,proactive,8,31794890,59.95
5b23dec7-d,Stephen Adkins,male,53,14,conservative,5,29006962,47.01
c50dfdb3-4,Michael Walsh,male,61,14,proactive,8,11968468,61.06
f6651928-a,Patrick Harvey,male,48,14,proactive,8,22154304,59.38
69402b67-d,Shane Adams,male,42,16,conservative,4,15000219,39.1
bffd45a8-f,Brian Wong,male,48,11,proactive,4,12155785,57.9
16fc54dd-b,Melvin Lopez,male,43,10,proactive,4,22622421,61.8
1613697d-4,Joshua Martinez,male,46,16,proactive,7,31889845,59.85
2b75b6b5-0,Caleb Smith,male,52,26,conservative,9,10630400,39.16
d1a8a27c-5,Christopher Rodriguez,male,54,22,proactive,8,12742295,62.13
e89cec01-6,Christopher Pierce,male,54,16,conservative,6,83629587,35.84
529f1b7a-6,Jeffrey Norman,male,44,12,proactive,8,10390308,60.14
965d7153-f,Michael Colon,male,50,15,proactive,4,17374677,58.91
1e894eef-8,Jorge Smith,male,46,12,proactive,5,22563087,59.34
a1897dc0-7,Joel Lawson,male,49,7,,8,48597864,64.47
1453a099-e,Michael Ross,male,50,17,conservative,6,28921384,45.29
ff7b8428-5,Daniel Jones,male,50,6,proactive,7,31363807,59.91
1148d786-d,Michael Rodriguez,male,54,26,conservative,9,56029484,54.72
c8c2d621-6,Thomas Stephens,male,49,27,conservative,6,11232163,51.78
29f8f9a7-2,Larry Neal,male,60,13,conservative,4,85069715,40.3
f76348b4-0,Allison Myers,female,44,2,proactive,2,18653108,59.32
2650aff1-2,David Santana,male,45,17,conservative,8,11759429,44.85
63acb645-b,Andrew Wells,male,49,15,proactive,5,95354743,59.01
cde99245-3,Timothy Garner,male,47,6,conservative,7,18441286,45.03
79447aba-9,Edward Perez,,47,8,conservative,4,24356102,55.09
cce976d0-5,Joseph Mclaughlin,male,47,8,conservative,2,20212074,49.7
44cd2206-b,Jenna Robertson,female,49,0,proactive,4,18850246,60.32
48129db6-8,Juan Harris,male,45,7,proactive,7,64894212,60.93
ceeedb8d-8,Douglas Jackson,male,49,15,proactive,6,10509722,57.94
c2788218-0,Zachary Lee,male,45,11,conservative,8,23496275,42.49
15533ba0-c,David Meadows,male,43,7,conservative,2,16668142,50.1
a17d5cbf-7,Kenneth Johnson,male,50,7,proactive,8,31312028,62.11
475a27f6-6,Alan Terrell,male,50,2,conservative,8,25805634,40.44
e6b028af-a,Judith Carter,female,56,15,proactive,5,38324855,61.81
2363c29b-1,Zachary Hardy,male,41,4,conservative,8,21949967,41.56
3fda789a-a,James Marquez,male,51,24,proactive,8,30336823,60.01
33468a5b-7,Gabriel Cox,male,45,10,proactive,3,19486564,56.59
1c103526-1,Thomas Shields,male,43,13,proactive,4,26739096,63.78
faacdded-2,Richard Williams,male,55,19,conservative,7,15060086,41.22
0a554008-3,Tyler Wright,male,48,16,conservative,4,19350992,43.68
14e76551-2,Christopher Lee,male,40,8,conservative,7,21999423,46.78
2a80835e-b,Jonathan Ramirez,male,42,10,conservative,7,80740040,47.41
596c286f-1,Tyler Aguilar,male,37,3,proactive,2,29378614,61.74
6d838268-c,Curtis Wilson,male,49,8,proactive,4,16928992,62.06
0b892627-4,Christopher Reid,male,45,15,proactive,5,84586269,60.45
23fd0af5-7,Stephen Flynn,male,39,6,proactive,7,81874052,57.65
9a9b897e-9,Jeremy Dennis,male,57,28,,9,23898198,64.32
9888afbd-f,Jonathan Evans,male,43,12,proactive,6,84896559,59.66
c98b7c39-9,Jaime Payne,male,54,17,proactive,8,16511798,61.52
5373706d-3,Scott Morton,male,57,21,conservative,9,10747274,49.47
708e317f-1,Kevin Harvey,male,52,21,proactive,4,30742689,60.99
47182424-f,Nicholas Rodriguez,male,50,18,proactive,4,52057455,60.31
f32a2d3b-e,Thomas George,male,45,7,conservative,3,25120714,44.82
d6543816-7,Cole Yang,male,53,22,conservative,6,14509814,40.82
c0ddddfb-e,Michael Harrison,male,45,8,proactive,4,14875808,60.1
862f8e33-8,Laura Ramirez,female,48,2,proactive,8,13172330,58.58
964924a7-7,Michele Cunningham,female,51,17,conservative,8,30973015,47.02
d94408b4-5,Jerry Walker,male,50,15,conservative,6,96814728,50.43
171616bb-5,Maxwell Perez,male,47,17,conservative,6,33571967,46.67
236af066-e,Joseph Anderson,male,47,16,conservative,4,30423343,42.6
9cb46965-d,Michael Smith,male,44,17,proactive,4,22705355,64.42
87340b37-5,Ryan Barrera Jr.,male,40,3,conservative,7,25558384,41.24
3f1c854c-b,Brooke Owens,female,51,19,conservative,7,28713449,47.11
1fc1302f-9,Paul Thompson,male,45,0,proactive,2,20724268,62.66
37aae8ab-7,Thomas Robinson,male,44,3,proactive,7,24350497,57.43
a695aaf0-c,Lori Abbott,female,46,16,conservative,8,14849907,48.1
655d7bc8-0,Kevin Benton,male,41,6,conservative,8,82265012,49.74
f0faad01-0,Christopher Garcia,male,59,23,conservative,8,19675258,44.9
71dd6c7d-5,Jeremiah Cunningham,male,46,13,proactive,6,14720175,64.48
786d5c01-1,Gilbert Hunt,,50,14,conservative,6,11889158,48.54
8840b070-4,Devin Evans,male,43,6,proactive,2,21716796,60.19
c0dd30e1-4,Mark King,male,50,9,proactive,4,17260588,61.66
f58818ed-c,Jeffrey Owens,male,49,14,conservative,6,90863204,47.74
b722825b-3,Matthew Allison,male,59,18,conservative,6,99047862,44.91
c04060a7-2,Michael Roach,male,48,20,proactive,7,51580610,58.74
068cde98-3,Christian Bell,male,54,16,conservative,8,16618542,44.1
b03daa3f-a,Richard Johnson,male,42,18,conservative,8,73014961,37.08
4e89bc02-5,Albert Flores,male,49,8,proactive,3,23024395,61.12
8ac28709-9,James Herrera,male,46,12,proactive,8,32383950,59.0
19eaa001-f,Wesley Rogers,male,52,31,proactive,7,57863670,60.2
9d1925f0-4,Christopher White III,male,54,8,proactive,2,20276394,59.68
87a34a65-1,Ronald Campbell,male,50,-7,conservative,4,21928760,35.2
b4e30f5e-8,Jose Terry,male,53,11,proactive,6,27433073,61.16
45e3916e-1,Raymond Johnson,male,50,10,proactive,3,25670063,61.65
a11be83c-d,Adam Hogan,male,52,22,proactive,6,27082207,63.63
12a42159-a,Matthew Daugherty,male,44,11,conservative,8,10787409,51.4
4635b4e0-e,Mr. Ryan Spencer,male,44,10,proactive,8,21873226,65.56
fc9abece-7,Michael Mitchell Jr.,male,52,20,conservative,7,10455714,50.59
74fad5e6-9,Hunter Ruiz,male,53,14,proactive,6,53208128,57.85
267215f2-0,Jonathan Rodriguez,male,58,18,proactive,4,29061230,59.82
8549bad4-1,Sandra Clark,female,46,15,conservative,8,25822301,41.56
8f54346a-a,Michael Reed,male,42,6,conservative,8,59964723,43.73
429f172b-4,Dustin Fuller,male,52,20,proactive,9,27828495,59.52
56d626be-1,Kevin Miller,male,41,2,proactive,4,79272556,59.77
cbd29c89-3,Justin Johnson,male,42,10,proactive,7,22421199,60.27
f0825628-c,Willie Roberts,male,51,12,conservative,4,65204544,40.52
4f095e16-d,Christopher Baker,male,39,4,conservative,2,22563920,39.94
a0a6a92a-b,David Marks,male,49,12,conservative,6,21011340,47.68
f5038eef-b,Emily Kerr,female,55,8,proactive,3,24444155,56.41
1ea20dc1-9,Michael Long,male,51,21,conservative,9,10048865,39.03
f7b58246-e,Brian Goodwin,male,39,6,,7,28529541,59.09
481191d8-1,Jay Bishop,male,44,9,conservative,7,23639934,42.24
8ca83e98-1,William Graham,male,45,14,proactive,4,32479492,61.01
8414372e-3,Robert Archer,male,49,6,conservative,2,11972697,42.61
e97b8167-3,Ryan Stark,male,44,2,conservative,3,28331634,43.74
5fe1a58e-8,Jeff Alexander,male,41,13,conservative,6,15421875,54.35
42aa7479-5,Jerry Powers,male,41,7,conservative,2,61984883,56.94
d99f1074-9,Randall Campbell,male,42,11,conservative,6,27086559,39.88
e7e3e7da-2,Jeffrey Lowe,male,50,12,proactive,5,16325476,58.05
0c5b1374-e,Kyle Vega,male,56,13,proactive,4,32241370,59.0
1edde37a-f,Christine Garrett,female,54,28,proactive,9,27772723,58.15
4077d6c7-a,Christopher Richardson,male,62,22,conservative,9,22065392,44.53
d5d434a1-8,Stephen Ward,male,49,20,proactive,4,28674842,62.2
8a8e4814-6,Mr. Robert Schmidt,male,57,20,conservative,6,21026790,56.15
9475fe9c-0,Zachary Hayes,male,46,1,proactive,8,16560736,64.15
b92c4942-a,Brian House,male,54,21,conservative,7,46155960,41.33
a92ee29c-0,Joe Dixon,male,48,7,proactive,2,25366317,63.05
2d66ca5e-4,Derek Wheeler,male,51,12,proactive,5,12773858,62.35
05201bbe-4,Thomas Howard,male,49,2,proactive,2,25556132,58.97
b15b4ade-d,Debra Murphy,female,43,6,conservative,8,66365909,38.15
6881fbbf-1,Daniel Santos,male,50,10,conservative,3,27998086,45.85
baf19ca4-4,Craig Harmon,male,49,16,conservative,9,26687586,49.27
0a35a473-0,Kevin Moore,male,47,13,conservative,6,32984940,51.7
171f9a04-3,Manuel Carter,male,43,4,proactive,2,24220764,59.04
9ecd85e8-f,Douglas Rhodes,male,48,23,proactive,4,85990603,63.37
b82e9615-a,Allen Palmer,male,49,19,,4,75281181,66.51
b2facde6-1,Jason Blake,male,53,19,proactive,9,33546317,58.62
8069f0e0-1,Matthew Bender,male,59,20,proactive,7,91877740,56.64
fb2160bb-4,Ronald Trujillo,male,47,10,proactive,4,88471068,56.53
164e58ea-8,David Middleton,,37,6,,3,19380767,63.95
0ba91fac-b,Ralph Coleman,male,44,2,conservative,3,15242565,41.43
4f8c73b4-e,Roger Dawson,male,49,10,conservative,7,25577731,38.39
641f9f43-7,Joseph Lopez,male,45,2,conservative,2,77969688,46.12
a484098f-c,Brendan Mcdowell,male,52,16,conservative,7,31295807,54.78
5050d6b3-b,Maurice Howe,male,53,26,proactive,6,10234289,61.97
bac63129-c,Carl Jones,male,49,9,proactive,2,22220018,59.77
cd0764ef-b,Chad Harper,male,54,17,proactive,8,21260443,59.56
b412d610-c,Earl Watson,male,60,16,conservative,7,29008685,39.7
674a87d1-2,Devin Ferguson,male,47,2,proactive,2,47842104,60.58
e7c8572f-2,Eric Collins,male,55,14,proactive,6,48123356,55.7
728ab9fc-f,John Vasquez,male,47,4,conservative,4,18855810,48.03
68537076-0,Matthew Keith,male,47,21,conservative,6,29135433,46.2
ade77da8-5,Bryce Mills,male,47,12,proactive,6,13131138,59.33
930ece15-4,Brian Ibarra,male,53,22,proactive,8,10375958,58.38
effe4a4d-0,Michael Jacobs,male,47,10,proactive,8,18882093,61.46
52cd4b6d-b,David Murray,male,54,18,conservative,7,88252334,42.02
10fefcda-a,Joseph Kelly,male,44,11,proactive,5,30794834,63.11
1ab17a1f-1,Joshua Johnson,male,45,2,proactive,2,23236058,57.65
d5644b96-e,Steven Knight,male,51,29,proactive,8,61926000,59.03
53f3f0fb-d,Patrick Fuentes,male,39,5,conservative,3,21539605,47.22
2b88c816-4,Jack Clark,male,48,3,proactive,3,21111802,60.85
ad8c2512-8,Cody Rodriguez,male,50,0,conservative,7,26872264,39.99
c6531bfc-e,Rickey Huffman,male,48,9,proactive,7,22209237,60.31
a62f8d6c-a,Joshua Fox,male,41,3,conservative,3,24288637,44.7
fdca190c-6,Joshua Cunningham,male,54,12,proactive,4,14046819,58.14
bc7ad4a3-f,James West DVM,male,52,26,conservative,8,21048046,44.61
3404787b-9,Samuel Glenn,male,45,16,conservative,7,33921946,36.3
137b95c6-0,Stephen Thomas,male,51,14,proactive,6,11191961,59.57
aff09de3-4,Sandra Wilson,female,44,13,conservative,6,50064164,44.74
72e45008-5,Julia Graham,female,50,8,conservative,3,17867711,29.15
104148a5-8,James Dillon,male,56,21,proactive,7,23821505,60.48
23ce5c81-1,Gregory Reese,male,47,18,conservative,9,24429827,44.65
42e3b1d9-0,Matthew Mcintyre,male,52,20,proactive,9,31669111,62.25
6fa768ae-1,Theodore Mcknight,male,53,25,conservative,9,64315497,49.91
8c1c1f68-8,Joseph Escobar,male,50,4,conservative,8,26753518,43.06
04ddb4b5-c,Matthew Taylor,male,41,6,conservative,2,28507630,39.81
5f313de1-7,Raymond Larson,male,47,13,conservative,6,46115322,47.14
0c88d91e-a,John Anderson,male,49,5,conservative,8,29054232,46.17
18bb0a33-b,Daniel Garcia,male,46,15,,4,99981667,61.52
79a86de6-6,Derek Johnson,male,46,12,conservative,5,18507407,49.89
e86e3e1e-f,John Alexander,male,51,18,conservative,4,17036941,35.58
71c1bcb0-b,Leonard Austin,male,45,8,conservative,3,10966168,43.4
b5ae3f86-a,Mark Harper,male,47,12,proactive,8,24859292,60.66
b950f2d6-0,Katie Armstrong,female,45,14,conservative,6,28411080,42.94
7b09d220-0,Jennifer Johnson,female,51,12,proactive,8,24803038,57.47
709b8ecd-0,Stanley Bowen,male,37,4,conservative,3,29791384,43.66
c61f363d-6,Shawn Johnson,male,49,2,conservative,2,28641704,47.86
700ceed1-0,Joshua Mccarthy,male,52,15,proactive,6,18255500,58.11
ccabea2a-2,Alexander Fischer,male,46,5,conservative,2,33250272,42.96
220681b9-b,Todd Ferguson,male,51,25,conservative,8,12183762,45.43
4cfdec80-4,David Beasley,male,46,7,proactive,3,26874710,58.65
050367e3-6,Lucas Salazar,male,44,19,proactive,7,41797401,61.94
a03a186d-9,Amanda Alvarado,female,45,4,proactive,4,21265684,56.85
fa8b479d-1,Michael Jones,male,49,6,proactive,8,25314663,56.34
1fd44b40-8,Jacob Thompson,male,46,4,proactive,4,29121332,59.33
01d70c5c-0,Adam Wall,male,42,9,conservative,7,19289011,43.5
bbadc458-9,William Long,male,45,13,proactive,4,10495266,59.39
21f4c209-9,Mark Garcia,male,50,6,proactive,3,14732208,57.66
73abe416-e,David Kennedy,male,48,-2,conservative,8,24034677,42.67
608b2366-0,Jeremy Huynh Jr.,male,57,18,conservative,7,26911166,43.92
382b4721-c,Teresa Fields,female,56,17,proactive,9,68430851,63.59
cb11b50a-a,Ryan Casey,male,61,7,proactive,3,25017099,58.69
9deada91-f,Samuel Lane,male,51,28,conservative,7,20482428,43.75
c0cc3366-f,Christopher Knight,male,49,-2,proactive,8,31840617,58.94
0627ed4d-7,Andre Hayes,male,49,6,conservative,8,32293070,43.85
93c4a4c3-7,James Horn,male,46,7,conservative,2,32668232,49.34
90ddbc80-4,Stephen Salinas,male,45,3,conservative,7,26165649,43.15
cecc7454-3,Jose Chavez,male,54,15,proactive,5,16013013,63.15
ed4938a6-0,Cody Hernandez,male,52,17,conservative,7,21103543,44.58
35e07ef6-b,Jason Lopez,male,47,9,,8,58330582,65.42
820d9ff8-b,Benjamin David,male,39,3,proactive,3,24929825,64.0
afbdca73-9,Gregory Christensen,male,43,4,proactive,2,41046509,61.57
a7dce199-a,Jack Mahoney,male,53,19,conservative,4,39580514,54.06
db3ece3c-a,Angel Ramirez,male,39,4,conservative,3,26459758,47.94
38887959-b,Dr. Fernando Ross PhD,male,45,12,conservative,6,15048376,39.53
a72750a6-d,Mr. Wayne Smith,male,52,27,conservative,7,29106045,38.86
11ecb456-e,Michael Jones,male,45,11,conservative,4,32255566,35.32
a76e7461-9,Earl Hicks,male,56,27,conservative,7,11973768,46.85
9c30acb6-0,Daniel Duran,male,48,1,proactive,7,80470212,55.19
92540a72-f,Dennis Moore,male,45,11,proactive,5,22112064,63.3
7efdb081-c,Tyler Smith,male,47,11,proactive,5,22239531,56.31
5001910e-8,Carlos Torres,male,38,9,proactive,2,27585963,63.31
910f3022-1,Richard Kaufman,male,44,16,conservative,4,93257833,48.2
588aa178-e,Brian Rice,male,45,10,conservative,4,95696710,43.35
d5690adc-e,Ronald Clark,male,46,14,conservative,6,27668566,40.5
7535bd61-4,Robert Watts,male,47,12,proactive,5,15886277,62.02
9ca620ed-f,Sean Hester MD,male,47,9,proactive,3,26079111,59.3
4b6a3c38-a,Roy Banks,male,54,25,conservative,7,22913195,48.23
3a57cef3-0,Allen Finley,male,45,11,conservative,8,13439737,47.51
d7a7df84-7,James Phelps,male,50,6,proactive,4,16640575,58.44
b2fa68dd-5,Jacob Carney,male,50,6,,8,10366123,66.02
cafc12ae-5,William Smith,male,47,13,conservative,4,14262671,36.52
6af718cd-c,Steven Carter,male,47,7,conservative,4,99568033,44.26
929cbba3-3,Brent Sullivan,male,46,8,conservative,7,20558404,43.69
0bfe97cd-6,Robert Burgess,male,57,21,conservative,6,26511178,42.01
04d676c2-e,Jeffrey Fletcher,male,53,11,proactive,6,25773008,62.33
0e309295-2,Jon Medina,male,50,12,proactive,5,14688558,59.6
ffd27bbf-4,Matthew Young,male,46,13,conservative,5,14915064,44.2
fde76a0f-7,Dr. Chad Garza,male,40,5,,3,57473533,64.71
d41bb265-6,Daniel Smith,male,53,20,conservative,7,26768431,47.15
fe21ef5a-2,Jeffrey Arnold,male,58,16,conservative,7,24964335,40.37
3b4e4333-4,Katelyn Smith,female,40,6,proactive,8,57182671,59.5
cb743520-d,Tyler Alvarado,male,39,2,proactive,3,30147233,62.07
8d17386e-3,Jacob Hooper,male,45,12,conservative,6,26768849,39.05
5e2d2820-4,Bryan Harrison,male,48,18,conservative,6,40072775,34.5
b5ff3eba-f,David Beck,male,51,31,proactive,4,32864873,61.35
80bb8b85-1,William Hawkins,male,58,18,conservative,9,19571575,38.25
1b901105-8,Rodney Thompson,male,49,10,proactive,3,27565289,59.65
70552355-c,James Johnston,male,47,11,conservative,5,13603119,44.32
ddcaf636-8,Christopher Rubio,male,57,9,proactive,8,31057269,59.95
366688ee-c,Matthew Lindsey,male,42,6,conservative,4,50812426,37.74
710b161a-e,Philip Martinez,male,42,9,conservative,3,14357029,42.84
53d5172e-8,Mr. Chad Howard MD,male,46,1,proactive,7,12168173,58.87
e28312b4-c,Franklin Allison,male,44,12,proactive,6,91955140,60.33
e8de782f-4,Barry Wood,male,46,6,proactive,2,76949042,58.63
7ad78e78-1,Olivia Campbell,female,47,7,proactive,8,14560694,56.77
acc7aae6-3,Stephen Travis,male,43,10,conservative,2,11189150,57.57
02dc9437-5,George Webb,male,45,16,proactive,9,31827682,59.97
7ac2092f-4,Peter Levy,male,50,5,,4,15506849,66.34
3803b114-1,Brandon Allen,male,48,10,conservative,2,32898016,48.17
492923c6-d,Mrs. Joanna Kim,female,41,12,proactive,6,26375094,60.42
75d3ea18-d,Jason Murillo,male,48,17,proactive,4,31403868,56.82
b20652f9-3,Stephen Potter,male,43,7,proactive,2,21680317,61.58
4f80e8fa-9,Mr. David Caldwell,male,50,0,proactive,2,26840608,59.29
92bfcf84-8,Brady May,male,46,0,proactive,8,87277280,63.52
22fd4c28-2,Jeremy Phillips,male,56,17,proactive,4,16815307,59.0
9e0b82cf-e,David Morales DVM,male,48,12,conservative,6,88231513,39.22
174eb703-c,Manuel Jimenez,male,42,8,conservative,3,22748353,29.32
93ef04e3-f,Michael Bennett,male,45,9,proactive,8,18264020,61.46
ea075e88-c,Thomas Barrett,male,38,5,conservative,3,29433242,42.78
df06c7ee-1,Charles Wilson,male,41,10,conservative,3,59960001,45.07
466eb5da-5,Jeremiah Edwards,male,40,2,conservative,3,27384735,51.78
d4d7b8df-0,Michael Rogers,male,38,4,conservative,8,28641239,44.35
9ed4a2d6-d,Brandon Moore,male,40,6,,3,61318546,61.89
539d9830-6,John Shaffer,male,46,8,conservative,4,25347670,47.17
27470348-8,Christopher Small,male,46,6,proactive,8,21243568,61.59
8f7fddf5-a,Hayley Poole,female,43,0,conservative,2,24712768,50.93
853ccd57-2,Oscar Lawson,male,51,10,proactive,4,18273387,57.85
bdf779af-e,Gregory Snyder,male,52,20,conservative,4,31923822,47.57
32f94c85-2,Matthew Brown,male,52,21,proactive,6,19112093,61.04
4734eacc-b,Kevin Reed,male,47,13,proactive,8,45849400,60.76
4de33649-a,Linda Anthony,,40,6,conservative,4,95491489,49.74
49fe8aed-8,Kurt Smith,male,42,13,proactive,8,31562809,63.74
b39db350-e,Nicholas Graham,male,51,16,conservative,6,77757333,53.06
a740bc03-1,Alejandro Lloyd,male,47,6,proactive,8,33246891,57.38
badb06e4-f,Jesse Thompson,male,48,12,conservative,6,51527807,45.26
0fa8f219-7,John Wade,male,42,9,proactive,4,17787739,59.6
aa47d9c5-c,Mr. Douglas Koch Jr.,male,39,4,conservative,2,27935116,47.15
be94e095-e,Austin Wallace,male,52,18,conservative,9,20832950,49.54
03463290-5,Justin Gonzalez,male,47,9,conservative,4,81965280,57.58
464dc1f3-7,Alex Vega,male,42,18,conservative,8,50632770,44.79
6384efe8-9,Taylor Vasquez,male,47,5,conservative,3,13631150,44.45
d167aa52-e,Oscar Tucker,male,41,11,conservative,5,31692825,45.81
c19bf3c7-f,Robert Mcdonald,male,52,13,conservative,8,59301367,46.56
ae0e0727-1,James Holmes,male,40,3,conservative,4,38811305,49.68
9d63c606-e,Darryl Gilbert,male,45,13,conservative,4,26210303,48.88
458adb7d-5,John Coleman,male,50,13,conservative,6,17692634,45.07
b10fcfc9-e,Tony Robbins,male,42,16,proactive,6,10946672,61.28
24905fbf-4,Matthew Lopez,male,53,20,conservative,7,23110145,51.65
021e6d77-9,Mr. Edward Williams,male,40,6,conservative,4,63036432,41.31
7439660a-8,Christopher Shaw,male,39,4,conservative,2,25951646,47.45
84a497b6-6,Jim Reed,male,52,25,conservative,9,11911595,49.45
8b5ca0fd-7,Nathan Baker,male,43,6,proactive,8,12602955,64.11
a1d27a4e-e,Robert Shaw,male,42,5,conservative,4,10491120,46.36
390b8c53-d,Jason Baldwin,male,54,18,conservative,9,32501985,46.02
e31ab2da-b,Randy Wilson,male,51,15,conservative,4,88372671,46.82
290bc68f-5,Jacob Jordan,male,45,11,proactive,5,12323896,61.7
f13f6b28-8,Dennis Ruiz,male,60,23,conservative,9,11996989,43.66
d809c9ce-3,Joel Phillips,male,56,22,conservative,9,10140178,43.42
fdff90f9-3,Kyle Whitney,male,55,13,conservative,6,30630049,43.37
1c8970fa-f,Billy Garcia,male,53,20,proactive,7,11275725,62.51
76edc26a-9,John Hoover,male,50,8,proactive,7,18895478,60.8
679d51e6-7,Andrew Williams,male,47,6,conservative,3,22305237,47.32
ce6e82b7-6,Nicholas Montgomery,male,48,15,proactive,6,27261804,62.0
24415f14-5,John Richardson,male,52,24,proactive,4,71734543,65.17
82ff0d62-e,John Jones,male,54,24,conservative,8,17142878,53.4
794699a7-8,Jared Lee,male,53,15,proactive,8,84718593,60.54
53d09669-0,Derrick Sims,male,47,14,proactive,6,97021490,58.57
ac2ea36e-c,Russell Sanchez,male,48,14,proactive,4,12240406,59.18
d23f33a0-d,Frank Ramirez,male,49,12,proactive,6,18591984,55.29
759505c4-a,Seth Roberson,male,60,22,conservative,7,84769150,42.39
28ee4db2-3,Robert Short,male,43,10,conservative,2,27887726,46.57
8f15e7b7-e,Christopher Vaughan,male,49,15,conservative,6,23679896,51.65
5eaa8b30-8,Kyle Jenkins,male,57,22,proactive,9,18148503,59.11
a96f3945-3,Matthew Garcia,male,50,18,conservative,6,25300316,48.22
67934cc5-2,Timothy Campbell,male,50,11,proactive,4,78564988,59.36
dc09c542-2,Nathan Buchanan,male,54,21,conservative,7,15673353,44.97
4443488d-8,Gregory Rios,male,49,3,conservative,8,27677000,48.22
9f19a100-6,James Kelley,male,56,30,proactive,9,18663378,60.29
6ef55db3-3,Vincent Davis,male,45,15,conservative,5,57783233,46.58
bf8b26a0-c,Eric Wright,male,41,4,proactive,8,67789320,61.24
b9a438d1-d,William Smith,male,44,11,proactive,4,98891327,61.32
e103bc25-6,Jose Phillips,male,45,10,proactive,8,18611599,57.74
23de7548-7,George Cunningham,male,44,9,proactive,2,14840940,58.54
163a3367-9,Jeffrey Coleman,male,43,12,proactive,6,29839726,57.07
18556a01-9,Brian Sanders,male,54,11,conservative,8,83302529,44.46
5837b900-a,Ryan Williams,male,50,15,conservative,6,24236441,41.8
d7cb8db4-6,Edward Cobb,male,56,23,proactive,6,31937037,60.99
fbe87551-e,Luke Kennedy,male,42,2,proactive,7,24859831,60.48
36cc7572-8,Kyle Wagner,male,57,10,conservative,7,83958550,45.88
36cd9bf7-c,Ryan Clayton,male,48,10,conservative,7,33788665,47.36
1284eb2b-0,David Payne,male,45,13,proactive,6,66265520,59.23
e0dc8e9c-c,Joseph Martinez,male,45,3,conservative,4,76092602,43.94
4429b23f-d,Trevor Bryant,male,55,14,proactive,4,27624262,61.36
849f40c0-4,Eric Mullen,male,39,6,conservative,8,30458082,43.55
1ebd0881-5,Martin Mitchell,male,44,1,conservative,2,20409026,45.86
2e64cdc8-c,Joshua Romero,male,45,6,conservative,2,32554054,43.24
9fa140ec-4,Ryan Smith,male,43,11,conservative,5,16959470,44.41
6c6b42a8-6,Joshua Walker,male,50,10,conservative,4,26946012,35.29
4b4001b3-2,Matthew Grant,male,46,14,conservative,4,39847672,46.12
56c924e1-6,Ronald Hudson,male,43,9,proactive,3,25800303,60.19
800cb85f-7,Randy Christensen,male,52,24,proactive,7,13805911,60.35
a9c664a5-f,Brandy Jenkins,,50,5,proactive,4,31454477,59.49
85691198-8,Martin Wilkins,male,46,8,conservative,7,20792581,37.54
570211cc-d,Michael Elliott,male,47,3,conservative,8,71137292,42.25
9735df21-b,Evan Lee,male,44,7,conservative,4,22786362,47.62
37f29801-8,William Velez,male,50,17,proactive,7,31003220,60.09
99f61086-0,Kristopher Wheeler,male,43,10,proactive,2,91771941,62.38
bc84221f-c,Deanna Ho,,49,8,proactive,7,15081964,62.45
40bc7695-3,Craig Day,male,47,9,proactive,8,29121693,60.34
ac08c13f-9,Stephen Page,male,47,13,conservative,4,28775989,39.39
0ce6d439-4,Jeremy Hurst PhD,male,57,19,proactive,7,12911518,60.84
43429c63-8,Christopher Clark,male,49,12,proactive,8,33107659,59.86
02fb7ffd-d,Ronald Steele,male,55,13,proactive,4,13524164,61.35
89991562-0,Daniel Hayes,male,46,13,proactive,6,21784492,61.2
9387ed01-c,John Hampton,male,50,6,proactive,3,14232365,57.6
56a331e2-4,Jessica Ward,,45,11,proactive,4,44897730,58.21
ed6b6bac-a,Robin Howell,female,48,11,conservative,4,10822881,35.07
bc8ebe9f-5,Jeffery Johnson,male,55,13,conservative,5,12642421,56.84
53ea95bc-7,Michael Burton,male,46,5,conservative,3,27775623,48.11
2f6b4176-3,Danny Short,male,49,1,proactive,3,28973978,57.87
2cfc6faa-8,Steven Mitchell,male,51,14,proactive,5,22458296,58.7
fe964ee7-7,Anthony Brown,male,47,11,proactive,4,33867840,61.02
3bdccbfa-b,Dustin Jennings,male,45,16,proactive,9,18678032,59.91
b595913e-3,Joseph Hernandez,male,49,14,,8,69417303,64.97
5e4280f0-8,Andre Torres,male,51,17,proactive,9,25385693,58.27
95667469-8,Kevin Parker,male,51,28,proactive,4,15771794,58.02
3cbc07c4-f,Kimberly Wilson,,58,21,proactive,6,11370323,60.79
a9c2dbfd-7,Brandon Thompson,male,45,8,proactive,7,13792231,60.53
1a1918c7-b,Shawn Dixon,male,50,12,conservative,4,73474297,37.65
63456ec8-3,Jeffrey Daniels,male,53,23,conservative,8,26367553,38.35
b9ef4dbe-3,Justin Perez,male,48,15,conservative,8,21071765,44.02
007e63c5-c,Brian Smith,male,47,6,,3,28006103,63.95
95ff91af-6,Eric Gill,male,54,6,proactive,8,25160188,57.15
95f5db58-1,Dr. Gregory Lutz,male,45,1,conservative,8,19445339,48.44
1729e995-c,Kevin Sanchez,male,49,6,proactive,7,98191873,59.46
ec2964a5-f,Mr. Brandon Mclean,male,50,6,proactive,8,62119001,60.17
3c50fcb6-c,David Sanchez,male,49,7,proactive,2,13779072,60.9
0d090479-f,Joshua Hernandez,male,48,-2,proactive,2,19167358,58.26
fc5bb863-b,Robert Cohen,male,42,13,,8,19695271,65.04
a28927e1-5,Russell Ward DDS,male,50,9,,8,32516697,63.54
f4a568c6-0,Noah Shah,male,39,3,conservative,3,22376424,47.85
5c90aff5-5,Matthew Rose,male,47,13,proactive,6,53279386,59.85
ee8a6522-b,Nicholas Kerr,male,53,24,proactive,6,30423832,61.13
b8e42de7-3,James Johnson,male,41,16,conservative,7,24136996,44.14
e0df75f8-c,Dennis Wilson,male,45,4,proactive,3,21539260,62.09
a9cf5171-e,Steven Finley,male,47,12,proactive,4,32772853,58.98
addce86b-5,David Sosa,male,50,12,conservative,4,13068930,40.5
3bbf043d-e,Joshua Reed,male,36,4,proactive,8,14223048,59.21
e8562c96-1,Benjamin Simmons,male,43,10,proactive,8,35475873,62.0
21f7d71a-3,Kelsey Mccarthy,female,51,21,proactive,9,33994055,59.4
1f8e65ac-e,Carl Ramirez,male,51,16,conservative,4,29299682,39.85
8df318b0-4,Christopher Smith,male,41,1,conservative,3,27188149,50.48
b0cbb9c9-1,Jordan Mcdonald,male,49,6,proactive,8,64144761,57.92
dc6a397c-9,Thomas Pace,male,47,9,proactive,3,10363832,64.99
08e0c7de-9,Donald Brooks,male,46,11,proactive,6,22695998,57.41
a69fb7a5-3,Anthony Patterson,male,43,20,proactive,6,75452905,61.54
7538576d-2,Nathan Gonzales,male,44,7,conservative,4,14698380,39.18
65178a0b-7,Henry Dunn,male,47,20,proactive,4,48116553,62.09
68c047ac-f,James Johnson,male,42,0,,7,12156651,63.14
06b59c8e-a,Thomas Brown,male,52,13,conservative,5,14907586,45.85
087d9a97-3,Robert Burns,male,46,12,conservative,6,13531857,44.43
0d9c0cc9-8,Dr. Wayne Clark,male,49,10,proactive,7,20067958,60.29
f0d86649-4,Patrick Kerr,male,54,20,conservative,7,11098873,42.68
d48d4064-a,Todd Mitchell,male,40,3,,3,15371035,61.95
4819ff2e-d,Brandon Hunt,male,41,7,proactive,2,12933975,57.07
3d786446-f,Heather Elliott,,44,9,conservative,8,23562847,42.24
66882304-8,Christopher Morales,male,56,18,proactive,7,22126955,58.74
94236859-9,Amy White,female,41,12,conservative,8,98614931,46.84
210ca93c-0,Christopher Weaver,male,59,16,conservative,6,23471751,48.42
95f88890-7,Charles Oconnor,male,50,11,conservative,6,89203390,43.88
1e90b56a-9,Todd Kelley,male,46,5,proactive,3,11548897,58.42
1bb3fb6f-b,Alexander Vance,male,41,15,proactive,4,68963717,56.33
e8c07230-8,Shawn Ryan,male,49,13,proactive,6,33710423,58.26
dbeeb00c-8,Ryan Watkins,male,65,20,proactive,4,32206692,60.88
7b6fcc3d-2,Luis Anderson,male,45,10,conservative,3,30203269,38.29
cad3a23f-6,Matthew Tran,male,52,22,proactive,7,42092993,58.99
6fde3e59-6,David Miller,male,54,26,conservative,4,14058250,49.1
241ba631-b,Marvin Carson DDS,male,48,7,proactive,4,29569473,55.21
4b41958d-9,Carl Harding,male,46,2,conservative,8,48415653,53.48
2f5e7089-b,Brian Garza,male,48,8,proactive,7,24141016,60.75
16d87062-f,Arthur Robertson,male,49,5,conservative,2,31807145,37.11
f466b31b-6,Martin Edwards,male,50,4,conservative,8,20058612,44.23
a539bc8d-0,Randall Kirk,male,46,4,conservative,3,17407709,57.31
7fd8f066-0,John Graham,male,37,3,conservative,8,33677790,49.3
5cc6375a-d,Eric Brown,male,54,19,conservative,4,81243042,47.98
c50a6c96-9,Ryan Watkins,male,47,9,proactive,2,32778747,58.67
e794aace-3,Tommy Blankenship,male,51,19,conservative,7,20958889,40.96
0c04b081-0,Todd Chandler,male,46,12,,4,41638642,64.63
8ce6b99f-7,John Allen,male,51,11,proactive,4,72777903,62.62
2fab84c0-0,Jeffrey Lopez,male,50,17,conservative,8,16965717,33.31
d5b0da3e-d,Nathan Mendez,male,47,18,proactive,6,30302867,61.4
da4b8266-0,Tracy Adams,male,50,4,conservative,3,26923239,48.14
f1c9d395-4,Mark Rivera,male,46,0,proactive,8,14638240,60.46
a8fffa33-d,Jeffrey Smith,male,47,9,conservative,8,10248113,35.86
f07c8989-7,Steven Pierce,male,50,12,,5,31642729,64.6
751a7853-5,Duane Keller,male,47,17,proactive,8,28085803,60.75
9fd9e282-c,Jeremy Mendoza,male,57,25,conservative,7,23736018,48.75
36e2b41b-a,Megan Novak,,51,21,proactive,9,19980822,60.8
4d8521f5-6,Andrew Thompson,male,49,16,conservative,4,46619422,49.47
dd490a82-c,Dale Shaw,male,48,13,proactive,4,15821176,60.25
431f5a3f-c,Carlos Barrera,male,47,9,proactive,8,33171837,61.06
72ba6bbb-9,Albert Hale,male,48,4,proactive,2,86730900,59.27
2bf05e19-a,Michael Williams,male,52,19,conservative,8,89718833,46.85
cbb9a86c-1,Bryan Bell,male,43,10,proactive,8,29965111,56.78
cff19411-5,Scott Lucas,male,50,11,proactive,5,23496767,63.0
8ff451b9-f,Kimberly Torres,female,55,24,conservative,9,30822651,54.19
64b1bd97-7,David Henderson,male,44,12,proactive,5,82942283,60.83
432fc063-2,Scott Levy,male,46,-3,proactive,8,14625993,64.51
591e39d9-0,Willie Davis,male,44,15,proactive,4,10042923,58.17
8bec880c-9,Michael Campbell,male,44,7,proactive,2,90225505,60.61
e866b94d-8,Sean Gilmore,male,47,7,conservative,7,74499001,39.22
6bae9869-6,Chris King,male,43,11,proactive,6,33972412,64.28
674935f0-4,Miguel Phillips,male,48,5,proactive,2,16991743,59.59
e6d9fe80-8,Mr. Jeremy Hall,male,44,10,conservative,8,11248098,52.44
8a0326ff-c,John Miller,male,49,7,proactive,3,10489983,61.35
b583b618-6,Jacob Lee,male,48,16,proactive,4,12823463,59.98
61c4b504-1,Jeremy Mcmahon,male,44,3,proactive,8,21597980,59.86
52946ac3-1,Cory Harmon,male,50,10,conservative,7,26114011,49.21
60b6c79f-e,Anthony Baker,male,46,12,proactive,5,11257008,60.46
e31f829b-8,Jonathan Bishop,male,41,7,proactive,3,12137340,65.21
e4cd10de-5,Jose Wright,male,47,5,conservative,4,17386890,50.88
a887372c-3,John Le,male,41,16,conservative,6,15302925,46.28
7203b8d5-7,James Hernandez,male,46,9,proactive,2,35580954,59.54
000546f3-a,Joshua Hayes,male,37,3,,7,14316933,60.67
464c05a6-4,Jonathan Vincent,male,49,12,proactive,4,42486624,59.71
a35a620a-7,Benjamin Vargas,male,51,24,proactive,4,68645374,59.02
ee6bb24f-3,David Wilson,male,45,16,proactive,9,26142889,58.56
3f6290f8-3,Dr. Shelly Huang,female,44,12,proactive,6,22811669,59.33
9de05fb5-b,Jonathan Alexander,male,44,9,conservative,3,29780011,52.16
d163f698-6,Jason Barnes,male,45,3,conservative,7,49158022,46.52
208c8864-d,Brian Robinson,male,50,11,proactive,5,22171671,61.11
e12a5c2a-a,Anthony Lee,male,61,21,conservative,9,25301979,48.54
6c21e95b-1,Daniel Lewis,male,44,11,proactive,8,16550307,59.33
e7e78d35-6,Steve Duke,male,58,20,proactive,9,27061072,61.25
a3d98f40-3,Robert Schneider,male,49,11,,6,21531217,61.66
d950d9a2-8,John Hamilton Jr.,male,53,20,conservative,9,31534922,50.23
f0ed06ca-3,Kristina Brandt,female,55,23,proactive,9,18489180,60.11
7dfab9fe-f,Juan Bauer,male,41,16,proactive,7,47488840,58.1
905d118e-a,Deborah Cordova,female,46,15,proactive,4,74054998,57.23
d1c4de47-a,Robert Fitzpatrick,male,42,12,proactive,4,23138031,57.63
a81259f4-0,Thomas Hogan,male,51,20,conservative,8,18611501,43.95
991e2bdf-8,Christopher Barnes,male,50,4,conservative,4,15567425,40.48
60fe5790-2,Jacob Patton,male,45,7,conservative,8,10990009,41.66
3c0e5742-2,Kurt Torres,male,48,12,conservative,6,31120899,52.81
38608c03-0,Timothy Fowler,male,49,10,conservative,8,10962127,43.39
2e4f9185-4,Cole Krueger,male,46,19,conservative,6,87511111,49.38
5c7765f2-7,Scott Wells,male,49,10,proactive,2,29613698,58.96
d6dda5c8-2,Edward Harris,male,54,18,conservative,7,47024382,42.25
edccbf48-f,Jonathan Rojas,male,46,9,conservative,4,18463805,44.8
131c2685-6,Brian Gardner,male,51,16,conservative,6,31874571,49.7
aa833a7f-9,Sean Shepard,male,45,1,conservative,8,21162393,41.37
0683c18f-6,Ian Cabrera,male,43,14,conservative,5,19970766,55.36
63cd24e6-c,Scott Carrillo,male,48,2,conservative,7,24806622,42.86
86f18093-5,Jill Gutierrez,female,52,20,conservative,7,79515526,50.38
b0b660a4-5,Nicholas Arroyo,male,50,10,conservative,2,23244180,52.27
9eed0a13-f,David Alvarado,male,49,8,conservative,7,20339561,33.94
c3c1da58-c,Dylan Kelley,male,55,25,proactive,7,31028955,61.93
68130ea9-d,Justin Harrison,male,47,22,conservative,4,20260455,38.25
a51900ad-7,Eric Rodriguez,male,46,4,conservative,3,60567423,48.62
7e4bb9d1-2,Richard Burton,male,39,4,proactive,3,44329842,57.67
1d4704f8-8,Stephen Weber,male,49,22,conservative,9,86779795,35.58
0efc20ea-5,Steven Bishop,male,47,12,proactive,8,59856374,57.04
1b612512-f,David Hess DVM,male,44,16,proactive,7,24763016,60.87
27e785d6-7,Douglas Hardin,male,43,10,proactive,4,18945021,57.78
2adfe6cd-b,Steven Murray,male,42,-3,proactive,8,89718106,61.59
8ac40fa1-5,Dennis Owens,male,53,24,proactive,8,28753771,57.72
c249bfc7-9,Emily Foster,,48,5,proactive,3,29077811,59.83
77d26817-9,Steven Moore,male,45,4,conservative,7,28161729,51.3
94ed3e6d-f,Manuel Wise,male,48,9,proactive,7,30312694,57.36
adbdd8b5-3,Paul Adams,male,51,31,proactive,8,12526607,59.64
4d2e08bb-8,Jeffrey Lambert,male,45,14,conservative,6,10784487,38.98
e5987499-d,Robert West,male,49,16,proactive,4,24681381,58.09
1129d197-3,Tracy Griffin,,41,8,proactive,4,28524845,60.01
443ead57-c,Michael Bullock,male,42,-5,conservative,3,30137411,50.49
2f9263de-f,Dakota Brown,male,51,20,proactive,9,19194234,59.53
1bb54594-8,Matthew Smith,male,43,0,proactive,8,25976643,56.79
3156d655-8,Joshua Perry,male,43,20,proactive,6,12814755,60.1
506f62d7-d,Melissa Tran,female,43,4,proactive,4,31297189,60.58
dfb33269-1,William Hoffman,male,52,28,conservative,7,20516509,37.67
664895ce-d,David Yoder,male,44,9,proactive,3,16311717,59.04
21b1ab31-0,Daniel Davis,male,43,3,proactive,8,21569652,59.29
6143fe36-5,Robert Arroyo,male,50,7,conservative,7,26292563,56.98
0cadde10-c,John Hall,male,43,5,conservative,3,22554932,40.95
6bdbe1d0-6,Matthew Vasquez,male,52,21,proactive,8,25536738,58.72
83583b17-7,Alexander Walton,male,38,4,conservative,2,23309143,37.72
ae31b5ea-c,Mark Miles,male,53,19,conservative,9,33516218,40.02
39a9b538-9,Tony Cantu,male,47,11,conservative,4,27121057,44.85
d175dfea-c,Daniel Kelley,male,46,13,conservative,6,14841519,31.63
09fc5c5e-3,Robert Johnston,male,58,21,conservative,9,79540804,52.25
69111ff9-8,Joshua Kennedy,male,51,12,proactive,4,16654459,57.94
45fbd22d-7,Michael Parker,male,44,9,conservative,4,40030230,52.1
72b3c3a0-e,Evan Jackson,male,54,21,proactive,7,57362582,58.05
656d2739-7,Craig Yates,male,38,5,proactive,4,31057971,60.52
e98bce60-7,Ryan Craig,male,50,16,conservative,9,78446029,56.74
84f3ec50-c,Gary Kim,male,56,24,proactive,8,81492294,64.75
240e737a-9,William Brown,male,50,6,conservative,8,94792980,52.88
3c76fffd-4,John Preston,male,48,0,proactive,4,32628678,60.18
cd77b98f-a,William Stone,male,48,16,proactive,4,29956808,60.35
ff345c08-d,Eddie Richardson,male,47,19,proactive,9,18180423,60.59
ee7e0f6c-5,Timothy Nguyen,male,32,6,conservative,8,25155294,56.84
a29eae3f-5,Martin Oneal,male,51,17,conservative,4,31139762,48.76
aa8ea26b-e,Alexander Hoover,male,49,0,proactive,7,12492275,59.49
f5f99fcc-7,Kevin Terry,male,38,7,proactive,4,22809517,60.88
d96ad64b-0,John Mcbride,male,55,25,proactive,4,31770381,63.96
b02bfb87-3,Paula Mckee,female,39,7,proactive,4,14310127,62.82
c83501f9-b,Francis Robinson IV,male,48,12,conservative,8,11699550,48.17
7c0a40f9-b,Michael Martinez,male,50,12,conservative,8,75500652,40.08
d4bc056a-7,Walter Mccarty,male,55,14,proactive,4,32599168,61.05
c479ac6e-1,Michael Rios,male,55,24,conservative,9,54123965,41.66
c1410f13-8,Charles Holmes,male,55,20,proactive,6,29596705,58.58
6d1686c4-7,Nicholas Stone,male,54,21,proactive,9,57599938,59.86
a8f1853a-8,James Vasquez,male,44,14,proactive,6,16132858,63.53
6f466cb5-1,Charles Harmon,male,37,5,proactive,3,18318087,57.77
48a40e27-f,Clifford Young,male,38,6,conservative,4,18443612,43.05
2a7f338d-3,David Rivera,male,52,21,proactive,7,11244695,61.53
a91f8694-2,Edward Henderson,male,51,24,conservative,4,13727292,40.91
9d15d0cc-2,Brett Estrada,male,50,5,conservative,8,68559076,49.77
5e23f229-5,Robert Wilson,male,55,24,conservative,9,55617675,46.94
5bb55510-e,Craig Velasquez,male,54,20,,7,23007785,60.43
ef8ac973-7,Michael Perkins,male,43,5,proactive,7,33834430,58.45
f791ca88-e,Jesse Humphrey,male,28,4,proactive,4,29401560,58.69
d7c882f5-a,Todd Bryan,male,62,19,proactive,9,10635114,61.11
9630d79d-c,Michael Snyder,male,52,16,,9,22182749,65.06
7ae7c189-2,Keith Bates,male,45,0,proactive,7,24216205,58.18
6bcd67ef-8,Daniel Ward,male,50,14,conservative,8,25377824,32.43
2b534a2c-9,Jason Taylor,male,50,8,conservative,3,14073923,52.02
c3deb1da-e,Peter Ryan,male,46,7,proactive,8,27609059,59.12
5632c045-9,Patrick Brown,male,45,21,conservative,4,33585946,46.04
c16ebc3b-5,Troy Wagner,male,48,12,proactive,4,32274242,63.19
714f9353-9,Charles Malone,male,46,13,proactive,4,21098319,60.13
3844af11-9,Robert Johnson PhD,male,52,21,proactive,8,81187112,63.41
4c4b1a66-8,William Caldwell,male,53,22,proactive,6,33420545,60.6
9a50430a-5,Joe Owens,male,45,11,proactive,5,10502616,59.99
d7b156b2-7,Robert Robinson,male,46,4,conservative,4,49603540,42.0
84ceeb04-5,John Tucker,male,48,-1,conservative,8,29624480,48.47
360e6355-2,Robert Lee,male,48,11,proactive,5,14882723,62.57
1ad470f8-9,Zachary Woods,male,50,10,conservative,3,93428273,38.81
0548505e-7,Alexander Smith,male,46,6,,3,24628550,65.28
01e706f8-9,Adam Holt,male,56,17,conservative,9,29066789,48.78
a56d9886-8,Jeffrey Murphy,male,47,14,proactive,6,28295338,58.78
293685e5-b,Jennifer Peterson,female,50,3,proactive,4,13831242,59.99
acc1e375-4,Brian Roberts,male,47,13,proactive,8,25050875,63.07
50f948b3-0,Timothy Barrera,male,48,9,proactive,2,28817628,56.51
ac1aec97-5,Brad Ball,male,50,8,conservative,8,19924593,47.79
6961795d-9,Bernard Weber,male,51,22,proactive,7,25117738,62.98
3bb7faad-d,Renee Cuevas,female,43,12,proactive,4,20252337,62.82
2fff447b-6,Austin Wolfe,male,53,27,proactive,6,17387364,57.82
6753bdfd-a,Michael Richardson,male,42,18,conservative,4,11564121,51.87
2329c3f6-5,Peter Buchanan,male,50,15,,5,44799976,64.82
00d494ba-0,Larry Rojas,male,45,5,conservative,8,11316377,45.14
6ba816a9-7,Ronald Coleman,male,47,8,conservative,4,95480943,41.65
bea7196f-e,Robert Taylor,male,44,9,proactive,4,13322827,57.52
854bcffc-a,Jonathan Garcia,male,38,2,conservative,8,22443942,39.63
f0e892fc-7,Carlos Daniel,male,44,10,proactive,8,32864710,59.66
9762b75c-4,Greg Peterson,male,57,29,conservative,9,29178779,41.62
ff7c750d-6,Randall Ross,male,45,5,proactive,8,10180743,58.69
30c3fa92-d,Alexander Christensen,male,56,22,proactive,6,72146642,60.18
c6244f88-c,Bobby Ryan,male,44,11,proactive,4,21125310,62.89
de6a5f5c-7,Timothy Richardson,male,46,17,proactive,8,40423910,60.37
824a9f6a-4,Carlos Wolf,male,48,13,proactive,8,60913739,65.34
25f1662d-f,Juan Rodriguez,male,46,12,conservative,8,19220150,48.85
28fbcb52-9,Chase Donaldson,male,48,10,conservative,2,23622109,40.63
138dd3a4-5,Bradley Ramirez,male,47,9,proactive,4,66683794,63.14
bb6aec6e-3,William Brown,male,42,14,proactive,4,17884689,62.65
bd7a32e2-6,Alexander Stout,male,51,15,conservative,8,31766919,43.41
a173c7d0-f,David Richardson,male,54,20,conservative,7,58866984,40.59
249950be-a,Samantha Tucker,female,52,18,proactive,4,25315839,61.0
d5597931-b,Jose White,male,51,23,proactive,8,18561890,63.78
edff80f0-3,John Bates,male,54,18,conservative,6,26749209,39.12
d80a340b-d,Matthew Erickson,male,47,9,proactive,8,16497961,58.89
96a9bccb-8,Adam Ross,male,46,16,proactive,6,31807947,61.85
65608209-0,Jose Taylor,male,49,10,conservative,2,54036321,40.13
3e574545-f,Patrick Cox,male,51,27,proactive,8,32865089,58.26
f76ca1ab-e,Keith Flores,male,45,13,proactive,4,65974657,60.1
f8fee53b-3,Joshua Walker,male,44,13,proactive,4,20482407,62.64
2a297a0f-0,Howard Brown,male,30,3,conservative,3,11942046,43.58
005f0c54-c,David Bryant,male,50,13,conservative,6,28581832,44.79
1165e515-e,Joshua Schwartz,male,55,17,proactive,4,12283835,59.69
d092899d-a,Larry Payne,male,48,9,conservative,2,30434751,40.85
8bf9394b-3,Edward Joseph,male,43,7,conservative,8,28760660,39.53
58852658-a,Robert Whitney,male,47,3,proactive,8,51330131,59.14
dc5bcea1-8,Christopher Grimes,male,48,11,proactive,5,24882999,59.44
50768e31-5,Phillip Simpson,male,49,5,proactive,3,13246528,56.51
c157ada0-b,Ronald Smith,male,44,21,conservative,6,32053728,29.22
cbb564f0-7,Darius Johnson,male,52,17,conservative,8,88819781,47.26
b02b5462-b,Bradley Pham,male,45,13,proactive,5,94934565,62.97
c03a349e-d,William Reyes,male,43,15,proactive,8,33326175,55.34
9cd40f14-7,Andrea Baker,female,42,2,conservative,8,18940617,47.72
51e2940e-d,Kevin Rasmussen,male,45,8,proactive,4,32048264,64.31
308690e0-e,Elizabeth Henson,,38,4,conservative,2,13260637,45.96
445a224c-d,Richard Harper,male,54,17,proactive,9,17277291,63.52
0b412bc2-4,Patrick West,male,49,20,conservative,4,47199758,41.59
22178273-b,Michael Hernandez,male,41,4,conservative,4,19301208,37.58
2673bcc6-2,William Guerra,male,46,5,proactive,7,17017247,61.29
5c68ba4e-5,Kerry Campbell,male,51,23,proactive,6,26803776,61.3
664e9cfb-2,Kenneth Gilbert,male,42,5,proactive,7,94574989,59.26
6621c3cd-7,Kristopher Rivera,male,38,4,,7,28188509,66.48
02712ffa-0,Bryce Gonzales,male,50,4,proactive,2,25704375,59.32
be62e7c6-c,Robert Fox,male,52,14,conservative,8,29432775,49.45
ba5ef736-6,William Carter,male,43,9,conservative,2,91982850,52.82
d1a55f05-9,James Alvarez,male,47,3,proactive,4,43523687,61.37
fbc9743a-d,Kevin Maldonado,male,52,20,proactive,4,37595820,58.16
1fc7de02-f,Blake Harris,male,54,23,proactive,6,13999746,63.67
d10fe502-4,Aaron Bauer,male,47,8,conservative,2,29843883,42.22
558b8ca7-9,Michael Thomas,male,50,5,conservative,7,25618223,36.43
77a72370-6,Kenneth Martin,male,36,4,proactive,7,28971650,59.81
04dfcbfb-a,Stephen Gray,male,42,13,conservative,5,58546151,44.01
2718ba63-2,Christopher Reese,male,55,17,proactive,9,20661206,60.45
6dbb722b-8,Brian Miller,male,48,12,conservative,6,11845171,44.49
15f8a1da-1,Katherine Reyes,female,44,22,proactive,4,83770030,61.52
7e2e45ad-a,Richard Lewis,male,51,27,proactive,4,31293981,61.22
923cce37-f,Philip Barnes,male,53,16,conservative,7,33391952,40.86
6420be9f-b,Alexis Tucker,female,48,4,proactive,7,30142509,61.79
3e53cc64-c,Geoffrey Barber,male,44,4,proactive,7,78735626,61.18
99525ce4-b,James Henderson,male,47,7,conservative,3,13193058,47.01
8222b600-6,Victor Sandoval,male,48,5,conservative,4,30723415,49.69
3efa3a5b-e,Dylan Hunt,male,52,22,conservative,9,21032614,55.09
60b9205d-d,Edward Bailey,male,52,20,conservative,6,17945973,40.89
8531a100-a,Edward Oconnor,male,52,16,proactive,4,21705793,56.52
7346c45c-a,Michael Ramirez,male,49,9,proactive,2,13641354,56.32
6204ebeb-a,Jeremy Anderson,male,43,6,conservative,3,30390425,49.24
07f66c77-d,Michael Ward,male,43,12,conservative,5,13196565,50.48
bafb1991-2,Eddie Gordon,male,49,19,proactive,7,16246545,60.96
523ba79b-5,Amber Vasquez,female,48,12,proactive,8,32388815,63.27
1aabc91a-c,Ricardo Pena,male,50,9,conservative,7,22007337,44.91
afe56caa-1,Gerald Ramos,male,50,8,conservative,8,29884530,48.74
7f283089-e,Matthew Cline,male,47,8,conservative,2,19095731,45.36
ef5c69e8-5,Travis Lawrence,male,52,25,conservative,7,98052326,48.11
102f88eb-7,Joseph Ortega,male,47,15,conservative,5,11835599,38.61
f8d03641-5,Randy Phillips,male,54,15,conservative,8,45254942,50.93
32b3748a-4,Kenneth Johnson,male,53,15,proactive,8,28866540,60.9
8519efdb-6,Brian Lyons,male,51,23,,9,52804295,63.35
861b7a6e-7,Christine Cochran,female,50,8,proactive,4,25853258,59.59
6e74a2b3-0,Glenn Lewis,male,47,10,proactive,8,63170233,65.8
a8b083f8-2,John Manning,male,59,18,proactive,9,20539252,58.37
5f74a1ed-2,Melody Johnson,female,43,13,proactive,6,30937896,60.05
3a65329c-7,Mark Reed,male,43,16,proactive,8,13701678,61.17
43ec05d5-e,Scott Peters II,male,47,1,proactive,4,29336991,57.71
4d84655a-5,Alejandro Salinas,male,55,18,conservative,8,32557240,42.55
196df1d5-b,Joseph Leonard,male,47,7,conservative,8,26346569,52.75
93c61598-b,Joshua Higgins,male,50,1,proactive,8,14433691,58.01
a61a6ba3-a,Jesse Johnson,male,44,9,conservative,7,17496529,41.65
a23607fa-4,Austin Howell,male,49,16,proactive,6,25374393,62.34
0264ad36-f,Mr. Jeffery Page DDS,male,46,8,conservative,3,20283153,42.6
ec056201-2,Albert Carr,male,55,14,,5,29284580,63.23
92438727-d,Theodore Hawkins,male,48,9,conservative,8,26760108,43.1
f120d617-1,Ryan Spencer,male,43,15,proactive,6,30898353,59.96
2ac3deaa-5,Michael Barber,male,64,30,proactive,6,18493697,57.13
2c4b8bdf-c,John Houston,male,46,14,proactive,5,57580910,61.85
ad900547-1,Jeffrey Haney,male,43,9,proactive,8,32111802,59.3
85b64b65-f,Thomas Smith,male,47,4,conservative,7,14969134,40.72
67ed0a2b-9,Kent Garcia,male,43,16,conservative,4,24322464,45.17
1f76d5e8-3,Tyler Gonzalez,male,48,4,conservative,4,19945346,50.96
49074da0-c,Scott Graham,male,46,9,proactive,8,13883923,62.56
ff6284a2-4,Gregory Robinson,male,39,2,proactive,4,82081587,60.59
08b9fe7a-c,Chelsea Mckee,female,51,23,proactive,4,18204175,53.38
9559a0b5-9,Michael Dixon,male,47,14,conservative,6,27063055,38.69
afacba6c-3,Ryan Sosa,male,43,14,conservative,8,88461049,48.06
6ab82869-4,Jared Davis,male,51,15,,5,66822391,62.61
4f55b204-f,Xavier Johnson,male,47,1,proactive,8,15436397,60.92
9181732b-1,David Becker,male,55,12,proactive,6,20205682,61.28
eda4cbe3-3,Matthew Soto,male,52,26,conservative,4,85416403,42.64
d23a0c7f-7,Allen Gray,male,46,13,conservative,6,26716985,51.19
58795b63-6,Dennis Fernandez,male,46,10,conservative,7,26225733,46.38
a082299f-f,Justin Robbins,male,48,19,conservative,7,20698203,45.88
1fb7f030-8,James Wells,male,55,21,conservative,4,19424012,50.73
51fa0bdb-5,Justin Gregory,male,51,16,conservative,7,13734459,50.22
5d522d9c-3,Frederick Ross,male,50,5,proactive,2,32156165,60.09
49046be1-e,Jason Ford,male,45,14,,5,24670198,60.09
74aad901-0,Keith Jones DDS,male,45,7,conservative,3,69327588,41.34
ee2e5ee9-4,Samuel Gregory,male,45,1,conservative,7,13006940,46.47
19f8cb04-d,Gary Joseph,male,41,18,proactive,7,81068169,59.62
734ffab2-0,Carlos Porter,male,47,3,conservative,2,28450066,45.65
09c1ea9e-3,Richard Mccullough,male,49,10,proactive,4,47398395,59.77
ff21b035-9,Brett Hoffman,male,46,13,conservative,4,24624497,51.98
69b89699-a,Lisa Bell,female,48,11,conservative,6,33892826,46.56
7568eed0-8,Lee Hebert,male,48,6,proactive,7,33145456,62.93
fed955dc-6,Richard Strong,male,49,14,conservative,8,16613236,59.5
691da019-c,Julian Lewis,male,46,11,proactive,5,25463189,61.43
051b0b14-2,Nathan Shelton,male,46,11,conservative,8,18447837,47.8
b6decbd7-f,William Houston,male,47,8,proactive,2,30619790,62.95
9ccc3a45-1,Thomas Macdonald,male,51,16,proactive,6,11663552,58.08
96cb112b-7,Mark Anderson,male,49,7,conservative,4,17984100,44.82
89b1861b-c,Shane Watson,male,55,24,conservative,6,26411380,37.45
434c5140-5,Matthew Everett,,48,5,conservative,3,22422306,49.17
5886fcbe-3,Edward Fisher,male,45,7,proactive,8,33573400,58.62
f8ab53c3-9,Shaun Bradford,male,51,18,,6,82741473,65.18
3d91387f-2,William Anderson III,male,50,0,conservative,4,24746768,40.69
d8ca04d3-9,William Skinner,male,40,1,proactive,4,15533946,58.06
b24edabe-2,Jimmy Gonzalez,male,46,13,proactive,6,27743523,58.29
443aa800-7,Glenn Jones,male,53,28,proactive,8,77040880,61.17
955ae473-f,Trevor Haynes,male,48,8,proactive,4,70128697,59.25
611ce497-4,Mark Harris,male,44,6,conservative,2,10299019,48.21
6d10584a-a,Reginald Garcia,male,44,9,conservative,4,24233814,48.8
2afc32ba-2,Edward Campbell,male,41,12,conservative,5,10231357,44.55
a897204e-a,Thomas Rogers,male,47,25,proactive,4,20194392,63.49
283d5592-d,Robert Wilson,male,55,13,proactive,6,30548837,60.04
ba620cdc-7,Jerome Walker,male,38,5,proactive,8,33748476,53.58
32ddaa4e-d,Jay Kirk,male,51,19,proactive,7,26767469,58.51
1af7f86d-f,Anthony Wolfe,male,54,24,proactive,9,21097795,57.86
150c8684-1,Bryan Knight,male,51,10,proactive,8,12211361,63.68
2fc6f4e9-f,Christopher Gilmore,male,48,8,proactive,8,17787573,56.29
1332b6e2-c,Jeffrey Harvey,male,39,4,proactive,3,16368426,58.54
b7af1bf6-1,Gregory Jones,male,42,5,conservative,7,21394134,43.26
0fbe5b59-f,Erik Reed,male,46,9,conservative,7,49884962,53.35
86427bdf-0,Joshua Todd,male,38,7,conservative,3,10929164,40.05
c6450719-b,Daniel Lin PhD,male,49,11,conservative,4,34012654,49.62
6468e3bb-f,David Shannon,male,47,3,proactive,7,19790058,58.85
e85e1cce-a,Trevor Gonzalez,male,47,17,proactive,7,66668483,59.58
3b270708-c,Frank Hunter,male,53,22,conservative,7,18721262,48.77
e2b9ce55-5,Jason Lewis,male,51,21,conservative,8,25691185,48.99
4042bba6-d,Kenneth Lester,male,58,22,conservative,6,11850429,44.13
3c3f2175-b,Darrell Petty,male,50,8,proactive,7,71897727,57.66
e5993125-b,Jose Sanchez,male,53,20,proactive,6,33582463,62.83
2153743e-5,William Crawford,male,53,29,proactive,9,24445769,57.59
f71ef38f-6,Jesse Herrera,male,52,12,conservative,5,18899925,54.87
489ecdc6-9,Robert Navarro,male,51,30,proactive,6,38275836,58.5
25981826-d,Benjamin Crawford MD,male,55,19,proactive,9,26852960,60.97
59904d79-9,Michael Smith,male,51,25,conservative,9,17077324,41.52
56f0e1b3-3,Alexis Perkins,male,44,7,conservative,3,96337481,50.05
0586b9a4-2,Jeffery Sparks,male,48,8,proactive,4,14109119,58.81
f2519b2d-8,Ryan West,male,51,10,proactive,3,31870298,57.41
66e38fe7-e,Marcus Jones,male,47,11,proactive,6,18884690,58.82
f05d91ad-a,James Rose,male,44,10,proactive,7,32304949,60.09
be1f9d10-a,David Martinez,male,49,6,conservative,4,31833859,36.74
7f21597b-3,Brett Donovan,,47,0,proactive,7,22192218,57.11
8fa1142b-1,Yvonne Elliott,female,53,27,conservative,4,26393061,36.77
02101661-d,Mathew Mcguire,male,52,20,conservative,8,28754860,43.76
361793eb-9,Jose Hernandez,male,43,6,conservative,2,20523896,47.64
d4763077-3,David Cook,male,49,14,,6,13426754,67.24
27f53393-f,David Taylor Jr.,male,58,17,conservative,8,32064593,52.49
973f548d-9,Jonathan Marsh,male,38,4,proactive,8,32464396,57.76
641b5228-4,Brandon Blankenship,male,54,23,conservative,6,21597433,44.9
f6e98209-a,Mr. Don Watkins,male,49,13,conservative,8,17779800,41.78
444a0613-b,Justin Gardner,male,56,18,proactive,6,92322431,59.31
2702cd57-d,Micheal Day,male,48,12,proactive,5,21983131,60.49
c695f153-6,David Davis,male,43,7,conservative,2,55576857,39.38
340b10f6-a,Travis Werner,male,50,15,proactive,5,25470787,62.02
c3712e9c-f,Andre Hancock,male,47,10,proactive,2,21016823,57.85
bd9acb9f-7,Martin Johnson,male,57,21,conservative,7,26730938,36.46
cbbc50ec-5,Annette Kelly,female,52,23,conservative,9,11321137,43.94
93e44ec9-5,Joel Howard,male,52,17,conservative,7,13363106,52.25
50a7c2f5-9,Frank Brown,male,53,15,proactive,4,16134175,58.28
ba3758cb-a,Vincent Williams Jr.,male,53,17,conservative,8,25812199,42.48
19be9c47-e,Michael Coleman,male,49,17,conservative,4,43629979,38.51
940779db-6,Sandra Martinez,,49,-5,conservative,3,42300252,49.06
f110642c-1,Marc Walters,male,47,5,proactive,3,24654257,61.93
42310e2e-b,Reginald Allen,male,43,0,proactive,7,99485464,57.51
25c55dfd-7,Jose Park,male,39,0,conservative,8,23608280,40.73
1a6e2c1d-c,Mr. Michael Kelly,male,50,16,conservative,6,30856611,38.88
b6ce46b3-5,Charles Knox,male,44,12,proactive,8,62332459,59.99
fff963f7-1,Dr. Kevin Porter,male,52,22,proactive,7,31978001,60.27
b88d1102-7,Robert Abbott,male,42,13,proactive,8,30769301,59.39
4ef4816f-d,Amy Beck,female,52,19,conservative,4,35547382,40.98
7cd32436-5,Nicholas Cox,male,55,25,conservative,7,19761644,47.87
e975a383-c,Neil Herring,male,45,7,proactive,3,18091756,58.02
b4db587c-9,Thomas Campbell,male,49,11,conservative,4,67906530,45.52
27bba4c3-e,Robert Hall,male,47,3,conservative,8,13990522,51.84
0007de9e-1,Gary Gonzalez,male,47,5,conservative,3,99664405,44.15
6e364023-4,John Fletcher,male,45,11,proactive,8,24891855,58.67
78ae39c9-3,David Miller,male,46,15,proactive,6,56671924,59.76
4d1a15ac-5,Logan Meyer,male,48,3,proactive,8,30440990,56.84
3fde9cbd-7,Mr. Timothy Patterson III,male,46,11,proactive,8,25375598,62.5
ed5b9f3e-c,John Howard,male,43,16,conservative,9,19202933,42.44
fd91f9ba-8,Brian Strickland,male,46,13,proactive,5,22469662,61.17
3fff1b6e-e,Brandon Cruz,male,53,23,proactive,6,10497416,59.77
adaaa2f0-e,Gregory Brown,male,44,4,conservative,4,29089862,51.6
07eed349-e,Dr. Wayne Wright MD,male,49,15,proactive,5,16027229,61.65
cbf08871-0,Alan Brown,male,43,8,proactive,7,31431132,60.05
a7a3a8c1-8,Ryan Bridges,male,47,9,proactive,3,14941602,58.86
66cf3d3e-8,Jason Johnson,male,43,20,proactive,4,30492373,60.9
6207060f-b,Cameron Atkins,male,45,8,conservative,3,87309070,44.95
fe868d96-6,Thomas Anderson,male,42,10,conservative,3,29292035,49.1
491a546f-3,Charles Skinner,male,47,7,proactive,2,18307948,58.46
a2927162-a,Phillip Escobar,male,39,6,proactive,7,20946964,63.96
9b92a082-9,Brian Wallace,male,47,3,proactive,2,17974775,61.76
ffedbf74-a,Thomas Ochoa,male,57,19,proactive,6,22916520,63.64
c643afdf-8,Thomas Smith,male,38,6,proactive,8,33548280,61.1
d365fd6e-1,Mr. Patrick Morgan DVM,male,54,22,,8,30947024,63.5
8cbb528b-f,Joshua Bullock,male,45,12,proactive,4,18234899,63.16
bd691daa-3,William Powell,male,50,4,conservative,4,18924069,44.43
dd8a161a-7,Dennis Webb,male,45,2,proactive,7,22596717,61.28
fd0c9ec1-d,David Rangel,male,46,-4,proactive,4,18950712,59.87
0e1fc5d5-e,Michael Murphy,male,42,15,proactive,8,49456947,57.65
26df5109-8,David Ruiz,male,49,13,,4,46065982,63.97
2bda32dc-f,Willie Jones,male,37,6,conservative,2,23900894,45.35
b5b79cf1-f,Shawn Green,male,47,13,proactive,6,83681090,59.9
80cd9629-2,Daniel Sawyer,male,42,13,conservative,4,11402175,57.51
8a9a384b-8,Tristan Coleman,male,47,2,conservative,3,29753755,43.66
6216c741-1,Mark Wilkerson,male,56,12,conservative,4,69963510,52.59
9f4b52cf-8,Bryce Lee,male,39,2,proactive,8,30237242,61.42
eab1023c-1,Richard Flores,male,40,7,conservative,3,21659663,44.32
03da4561-6,Robert Jones,male,40,1,proactive,4,67390548,59.12
abdd3a4e-0,Stephen Lopez,male,47,5,proactive,7,27831338,61.2
0a326f03-3,Jared Reeves,male,43,6,proactive,3,17591502,60.65
086f38f8-4,Nicholas Lawson,male,50,10,proactive,4,10273980,59.96
da0edc47-5,Russell Graham,male,51,17,conservative,8,12719244,41.51
899e038f-6,Christian Garcia,male,54,32,conservative,4,19747191,45.04
2ac2c945-8,Ronald Clayton,male,56,18,proactive,8,14419513,61.03
d0eb58b2-6,Jonathan Brown,male,52,14,conservative,4,27840680,47.36
222bb314-6,Mike David,male,42,1,proactive,4,29498159,58.16
8995be48-c,Scott Clark DDS,male,44,10,conservative,3,25434518,51.33
0803fe44-9,Jason Tucker,male,52,17,proactive,4,24578714,59.99
f21901c8-0,Martin Gardner,male,55,17,conservative,9,33500681,41.92
b67bedb5-2,Steven Barnett,male,47,8,proactive,8,23727577,60.01
69d5af2c-3,Jimmy Brooks,male,45,6,proactive,8,28327909,60.26
c81df4a7-3,Steven Ruiz,male,45,22,conservative,9,10906516,46.28
b14640d4-6,Nicholas Patel,male,45,3,conservative,4,18628134,44.71
fbbd02e3-b,Terrence Hampton,male,54,19,,9,16291318,63.18
8460ef47-6,Nicholas Martinez,male,56,18,proactive,6,10008392,60.74
d52284fa-8,Adam Turner,male,50,16,conservative,7,63052683,46.99
d80008e5-c,Anthony Oconnell,male,44,13,proactive,5,50009989,61.17
79ab8f7a-c,Daniel Clark,male,46,13,conservative,4,83616092,41.22
16935a51-9,Timothy Robertson,male,50,7,conservative,2,64713507,52.89
a3f9a7d3-f,Robert Kelley,male,47,14,proactive,4,96961596,54.06
6dec8e93-4,Jacob Brooks,male,57,20,conservative,7,20585832,41.39
698e385a-a,David Lawrence,male,54,15,proactive,4,24306620,61.16
1c63864b-0,Timothy Burke,male,44,7,conservative,4,48204624,45.26
dcf5aeae-b,Sean Schwartz,male,48,2,proactive,7,13569760,60.35
fa33b9b4-1,Michael Schmidt,male,42,5,proactive,2,29442078,60.1
edad4d14-9,Michael Vega,male,45,14,proactive,5,98257298,61.15
372f63b8-6,Jodi Green,female,44,9,conservative,2,26486771,42.19
7a1bbc9a-2,Paul Lowe,male,47,0,conservative,3,29607288,34.27
4c214ae8-b,Jermaine Farmer,male,41,7,conservative,7,11095479,41.24
b29e6845-f,John Glass,male,47,2,proactive,7,18463455,57.52
3ec1b4cb-3,Richard Delacruz,male,48,14,proactive,5,16430282,61.61
31263d54-a,Mike Howard,male,43,4,conservative,8,10187667,48.58
e926ed8e-d,Cheyenne Navarro,female,45,13,proactive,6,62808369,62.09
32e9d2bf-a,John Barton,male,55,15,proactive,4,38689999,58.56
3f65b5f0-b,Scott Underwood,male,41,5,proactive,2,64897634,62.79
637106fd-e,Tracy Arroyo,male,48,15,proactive,6,13193143,59.18
b38a38cb-a,William Cooper,male,50,7,proactive,8,16301082,60.5
73d65442-b,Gregory Hood,male,45,11,conservative,8,25047292,48.56
398a0bad-2,John Winters,male,49,8,proactive,8,32628685,60.75
30d78c1a-e,Larry Mccoy,male,49,0,proactive,2,29017409,62.38
1e49c3d1-f,Ethan Palmer,male,55,20,conservative,7,69638306,45.28
d08282df-9,Michael Parker,male,51,19,conservative,8,29283906,41.24
eba11fb1-3,Michael Lynch,male,46,11,conservative,6,13825067,48.85
ff1fb2a1-f,Keith Walters,male,49,6,proactive,4,31472253,60.89
f682bcd8-8,Jennifer Baker,female,45,6,conservative,7,13227936,52.85
08d2e904-2,Christopher Day,male,49,9,conservative,3,31664257,41.26
fca988a8-c,Chad Golden,male,54,28,conservative,7,10869458,48.23
9632e3c7-7,Carlos Hall,male,43,8,proactive,8,23901462,61.46
f925b5ca-6,Robert Munoz,male,46,12,conservative,4,21886845,45.59
a208b02a-e,Robert Kim,male,46,7,proactive,2,83766221,61.24
c8f5baf4-c,Gerald Rodriguez,male,50,17,conservative,9,11362951,48.62
755ec7e6-f,Christopher Adams,male,44,15,conservative,4,26207692,49.49
41281b64-4,John Jones,male,57,22,proactive,4,74647097,58.79
f5b720ad-4,Douglas Gillespie,male,43,8,proactive,7,76939443,61.35
f158a685-c,Robert Miles,male,46,11,proactive,4,17287024,60.3
4f9009b3-4,David Friedman,male,42,3,proactive,4,21936724,59.66
19843be4-3,Kevin Arroyo,male,56,17,,9,19351626,62.47
6f30ee2c-5,George Phillips,male,48,8,conservative,2,16154327,47.93
1194e913-7,Mark Johnson,male,43,11,conservative,4,16974912,47.99
4a8d9b68-e,Juan Davis,male,45,10,proactive,2,73084601,63.29
b9505b5e-c,David Mccoy,male,41,6,conservative,7,29754543,45.73
8dc3ec8e-3,Jose Barnes,male,43,7,proactive,4,50163414,60.58
524d64b1-7,Timothy Owens,male,55,18,proactive,7,22377469,60.46
d73b6158-3,Justin Nelson,male,43,8,,8,53838896,66.05
ce75c223-e,Russell Velasquez,male,53,22,proactive,9,20996187,63.94
425e0b7f-f,Shawn Frank,male,49,21,conservative,8,28136927,39.87
660adcf3-1,Kenneth Hopkins,male,40,6,proactive,8,15409985,61.62
2239cebd-3,Kevin Lane,male,41,5,conservative,7,95917365,47.91
a190cd36-6,Christopher Daniel,male,46,15,conservative,8,12201083,42.35
f18d1c54-9,Melvin Lang,male,52,21,proactive,6,92186250,62.33
c2dae66f-1,Darrell Sanders,,49,11,proactive,6,21201884,59.19
1ed63454-0,Erin Anderson,female,50,9,proactive,4,74086764,57.48
2cbae81c-7,Joshua Powers,male,46,0,proactive,2,11486762,58.34
b068ba5e-8,Joseph Clark,male,54,10,conservative,8,51379229,47.71
b75805be-9,Robert Fitzgerald,male,49,14,conservative,8,54866249,49.66
614bd54d-c,Timothy Schroeder,male,55,13,proactive,6,16482316,61.91
7b3aa465-7,Mark Powell,male,52,25,proactive,7,75875792,61.85
3c92081f-b,Melissa Lowe,female,47,5,proactive,7,45955099,60.95
041e1b9b-6,Roger Quinn,male,49,16,conservative,6,10236020,51.44
52eea9ac-f,James Ingram,male,39,7,proactive,3,24015925,58.14
457af3b7-3,Jesus Larsen,male,49,10,proactive,8,74796611,60.17
6e4562c4-9,John Jennings,male,42,5,proactive,2,14680861,59.81
31446e1f-e,David Perez,male,34,4,conservative,2,24467813,38.85
5feb9451-f,John Clayton,male,51,21,conservative,4,30111336,42.44
522e66b8-5,Daniel Brown,male,57,17,proactive,6,17366141,59.2
5140d759-9,Jose Martin,male,52,21,proactive,4,60858923,60.74
f4b51f64-b,Raymond Wade,male,54,15,conservative,8,31463722,43.3
fcad7022-3,Brendan Clarke,male,48,5,proactive,7,96621929,60.18
e06e8543-b,Jeremy Thomas,male,48,7,conservative,8,35477069,38.65
0ce59d4c-5,Cameron Davis,male,44,8,conservative,2,31878880,42.89
61bd109a-4,Joshua Blair,male,48,3,proactive,4,11610010,60.05
80368179-4,Anthony Waters,male,50,15,conservative,6,12725734,48.41
bf2f77e5-9,Jonathan Green,male,52,21,conservative,4,23941587,45.41
3e8d04c1-a,Thomas Wagner,male,42,16,conservative,7,99016854,54.59
45a14e9e-0,Michael Martinez,male,47,6,conservative,4,34009707,36.26
456a82c9-5,Scott Wilkins,male,49,5,proactive,7,23939310,63.38
29bacd8b-f,Daniel Ellison,male,50,10,conservative,4,16376219,45.42
4e387d30-1,Peter Holt,male,54,21,proactive,7,53651873,58.23
e384eb45-0,James Graham,male,45,10,proactive,4,19190763,63.15
70a2a741-f,Allen Galvan,male,48,12,proactive,5,15372000,58.62
17a4300f-d,Christina Woods,female,45,9,conservative,2,10868310,44.24
b55d2880-e,Daniel Lee,male,39,5,proactive,4,26486445,58.72
b9d4bfb4-d,Marc West,male,51,24,proactive,8,33976838,57.8
25066074-4,Sean Pacheco,male,41,10,conservative,8,22851295,49.35
ad2e093b-a,Tommy Bennett,male,53,18,proactive,6,30154214,59.74
6fdfe4a2-1,Tonya Rodriguez,female,54,20,proactive,4,25598499,59.46
03fed3e9-2,Jason Horne,male,51,9,conservative,8,44289374,46.39
7c30dc9a-e,Kevin Patel Jr.,male,51,12,conservative,6,41968183,46.24
28bd3278-d,Lance Randolph,male,51,26,conservative,8,45895754,50.93
5f16290a-c,Bailey Larson,female,44,16,proactive,6,85129439,61.13
be4f293c-0,Jody Martin,female,51,19,conservative,9,12246257,40.23
c8108fb5-d,Eric Torres,male,46,5,proactive,3,17922122,60.6
2635cbf0-c,Kevin Johnson,male,42,16,conservative,6,10960110,53.0
3fe77f58-0,Jacob Stevens,male,49,13,conservative,6,95011081,43.64
0ce99984-3,Gregory Giles,male,45,11,proactive,6,17709480,62.22
1ccd859d-a,Joseph Sawyer,male,41,11,proactive,6,56036368,59.36
363151a2-e,Thomas Goodman,male,45,15,proactive,4,10379022,59.05
d792d588-4,Antonio Wolfe,male,45,11,proactive,6,98608929,58.08
76f8e0f6-e,Alexander Ramirez,male,51,14,conservative,6,14708548,40.88
c0bf02ef-0,James Trujillo,male,49,4,proactive,8,19336784,59.19
36551a9c-4,Sarah Wells,female,52,19,conservative,4,56162463,37.37
486022cf-4,Timothy Aguilar,male,42,5,conservative,3,23995242,50.73
aca3cd07-9,Timothy Gallegos,male,56,22,conservative,6,56073339,41.31
2e6de06e-2,Joshua Mack,male,45,10,conservative,3,42958017,46.13
ffd07efc-3,Jay Jones,male,51,23,conservative,8,17070888,44.06
b0c666f2-a,Kevin Cardenas,male,55,24,proactive,8,12063845,61.23
b09c7da2-f,Cesar Sanford,male,44,15,proactive,6,20951755,58.95
b1ced21b-d,Jacob Blair,male,48,14,proactive,4,30083380,59.37
d52f2805-6,Robert Foster,male,47,4,conservative,2,14351038,44.29
17a5f414-8,Bobby Martinez,male,46,11,conservative,6,75811218,41.06
03984b13-8,Victor Terry,male,38,0,conservative,8,12553048,40.56
d865c643-e,Michael Bowman,male,47,5,conservative,3,17898515,43.9
ba9975de-2,Christian Frey,male,48,6,proactive,8,72508517,57.19
2e19973a-9,Erik Bauer,male,48,13,proactive,4,36435167,60.29
8bf4ed2b-6,Jeffrey Sharp,male,49,12,proactive,6,26126395,57.02
8c6a7642-d,Joseph Riley,male,45,9,proactive,2,59336459,60.59
b58e092c-5,Jay Woodard,male,55,26,,6,24932516,65.85
f102ceb2-c,Patrick Hoffman,male,53,11,conservative,5,22544092,41.71
51acd57b-4,Kenneth Pena,male,45,14,proactive,4,16607545,62.76
fe5449bd-f,Kevin Mueller,male,43,5,conservative,3,20898520,39.21
783a6481-a,William Lane,male,42,8,proactive,3,31038386,59.64
c0593c16-d,Bradley Clarke,male,45,13,conservative,5,31815604,43.33
6c7c7efe-e,David Conway,male,49,9,conservative,4,12166884,43.72
e3b5b27a-1,Charles Salas,male,49,11,proactive,4,12857613,60.51
a6505944-d,Daniel Buchanan,male,62,20,proactive,9,84459899,60.77
5e9ae6dc-f,Adam Lara,male,43,11,conservative,4,21634234,39.2
07e07ec7-6,Ricky Newman,male,42,12,proactive,5,36527850,58.02
e07685ea-6,Lauren Arias,female,49,6,proactive,7,29164114,61.76
14763acd-d,Jesse Ortiz,male,49,12,proactive,5,89423614,57.07
0257f2f2-c,Shannon Salinas,female,45,8,proactive,3,16793343,60.05
e2d12bdf-8,Joshua Lyons,male,52,17,proactive,9,40564954,61.58
febb24d2-d,Daniel Martinez,male,48,16,proactive,8,29206938,58.9
c48a09ed-f,Austin English,male,45,14,proactive,5,28243295,58.47
1fe3d432-5,Steven Franklin,male,58,13,conservative,4,13495355,45.64
f3091ad6-1,Brian Hernandez,male,41,22,conservative,8,23946492,45.98
1a97f3fd-6,Tiffany Houston,female,53,24,conservative,4,32731637,43.66
6e957395-6,Noah Morgan,male,53,24,proactive,4,23286874,63.06
0ed49fb4-c,Nathan Walker,male,52,24,conservative,8,37604602,45.23
55ffaf51-a,Thomas Owens,male,51,19,conservative,7,10991097,43.28
7fd554ae-7,Donald Oliver,male,46,1,conservative,7,10056827,46.37
a4329dc5-e,Joshua Ward,,51,18,conservative,8,60559337,46.02
21376737-6,Christopher Gates,male,42,6,conservative,2,31133482,43.15
dfb10059-a,Jeffrey Adams,male,47,4,proactive,8,28776587,58.52
8ece41c7-1,Joshua Fisher,male,48,19,proactive,7,22231790,58.85
8d4a3ab3-b,Theodore Rodriguez,male,45,13,,5,17905159,64.37
56abd250-d,Julie Gomez,female,45,19,proactive,7,32252915,62.54
c9f63e7f-9,Joseph Kline,male,41,14,conservative,4,30978201,44.4
b99436d4-7,Steve Garcia,male,59,14,proactive,4,78342290,62.63
e8764914-f,Juan Johnson,male,46,5,proactive,7,90120575,60.28
d3055f79-6,Christopher Hill,male,45,9,conservative,3,16407705,42.37
71057b2b-0,Martin Calderon,male,54,24,conservative,7,31583570,39.63
8411f939-8,Barry Gentry,male,48,11,conservative,8,20828859,46.92
8bc8aeef-e,Nathan Vega,male,47,5,proactive,8,13251015,58.51
f5986768-1,Mark Sanchez,male,46,7,proactive,7,22885978,59.89
e0cfcf49-0,Tracey Wright,female,51,25,proactive,9,33570035,59.56
c7d67abf-d,Pedro Floyd,male,54,19,conservative,9,18604747,38.97
ae3d52e1-f,Sara Knight,female,50,8,proactive,8,32916983,61.01
957714e0-e,Zachary Campbell,male,43,14,proactive,5,13422818,61.74
f44f49c0-3,Adam Johnson,male,46,25,conservative,9,31451827,37.44
08a48509-4,Steven Nguyen,male,29,5,proactive,7,24771733,62.12
b9112cfd-8,Jeffrey David,male,49,7,proactive,2,32555803,58.8
1b2aad81-c,Victor Gutierrez,male,47,10,conservative,3,80360456,47.18
ca8609ff-f,Jacob Gomez,male,51,29,conservative,9,16389693,45.48
1898615b-2,David Wheeler,male,47,8,conservative,4,29663176,51.29
06bc454e-1,Devon Fernandez,male,52,19,proactive,7,15091061,59.78
823f88f4-2,Mark Chandler,male,46,14,proactive,5,66446461,59.46
c6766993-3,David Hawkins,male,53,18,conservative,6,74678175,48.54
0ef643a5-4,Jordan Smith,male,48,18,,6,10714595,64.8
f763b55e-0,Angel Fritz,male,52,18,proactive,7,27204262,56.28
4e98ea31-5,Albert Barron,male,43,1,proactive,2,31057961,61.26
4cc9f8cd-5,Gregory Salazar,male,55,22,,8,96122275,62.7
a48d5817-b,John Davis,male,55,35,proactive,8,11500876,56.59
6b22c936-1,Brian Hall,male,37,8,conservative,4,13032213,52.48
47a1852b-a,Raymond Richardson,male,43,7,proactive,8,13818055,59.0
dc32065c-4,Leonard Jones,male,52,24,proactive,7,15253275,59.67
a171365f-6,Robert Estes,male,49,14,proactive,4,31823479,61.68
21cca60e-7,Keith Wagner,male,42,14,proactive,4,12095369,57.86
a66b4d3d-b,James Williams,male,38,2,proactive,7,23633322,59.88
85a6ca13-5,Theodore Clark,male,52,19,proactive,7,30972126,55.92
5b7433a4-b,Sherry Parker,female,40,3,conservative,3,27715877,46.56
61b907ef-f,William Brown,male,44,11,proactive,4,31051475,60.92
0b300716-5,Roger Mora,male,51,22,conservative,7,77665093,40.66
23af6d7a-a,Robert Castillo,male,45,12,conservative,5,64789793,39.36
a3a1b812-2,Javier Williams,male,50,5,proactive,2,33325876,60.84
bc6636de-b,Keith Savage,male,49,5,proactive,2,44352561,57.97
3e2d2ff9-9,Francis Larson,male,43,8,conservative,8,18144529,38.84
6dd84830-1,Jacob Weaver,male,47,6,conservative,2,18247041,41.01
9ac5e2d4-3,Donald Garza,male,44,5,conservative,4,86291484,41.34
f99be67e-d,Carrie Nicholson,female,53,18,proactive,4,31289643,60.11
19c1ef1a-a,Joshua Robertson,male,42,10,proactive,7,20559907,59.65
6a2bd8a7-6,Molly Lee,female,50,17,proactive,6,12141617,61.89
b0a6a69c-c,Dr. Evan Barajas,male,36,2,proactive,2,13274951,58.64
27807b36-9,Brent Romero,male,54,20,conservative,8,18196993,52.72
16d875ee-3,Roberto Reed,male,45,7,conservative,3,19360154,32.49
55f4d3bf-9,Jeffrey White,male,49,9,proactive,2,12554904,62.03
da88f63f-0,Edward Parker,male,33,4,proactive,8,30101314,55.93
dbc14db2-6,Eric Baker,male,45,7,,7,29667989,61.49
fb6a2c68-5,Thomas Wright,male,48,17,conservative,7,24268814,44.3
8e04669b-b,Matthew Love,male,51,20,conservative,9,17999068,44.44
d1921a5c-6,William Guzman,male,46,8,conservative,8,30002039,43.34
de188c7f-f,Walter Scott,male,44,3,proactive,8,20826347,62.97
6531de3d-0,Eric Berry,male,53,27,proactive,4,28775810,59.37
122225e7-6,Amanda Wilson,female,47,10,proactive,3,25940992,57.32
0a1e7169-1,Kevin Torres,male,37,5,conservative,2,24062736,48.9
be7890ad-1,Kevin Webster,male,50,4,conservative,2,27490665,45.77
0a2dceef-9,Tyrone Weaver,male,46,5,proactive,8,26822470,63.05
5b6ca92a-4,Benjamin Case,male,45,7,conservative,7,20149429,54.18
19262a9c-c,Ronald King,male,41,10,proactive,7,29481033,60.12
8619b2bc-7,Victoria Mcintosh,female,47,7,conservative,4,85102578,46.0
619920f8-8,Mark Davis,male,55,17,conservative,7,22094647,38.64
11df6db5-7,Joel Harris,male,53,24,,9,20202019,63.13
0987e50c-3,Christine Buchanan,female,51,18,conservative,7,15247179,40.35
b1590868-e,John Bush,male,53,16,proactive,9,23554931,59.22
68d50dd1-1,George Kline,male,49,14,conservative,6,18135510,37.84
72a195d9-9,Evan Sanchez,male,47,7,conservative,2,26741519,45.08
3360cf2f-4,Brian Holloway,male,54,14,proactive,4,18084245,59.49
f4a017c3-a,Mathew Cruz,male,45,2,proactive,4,39104873,60.72
2f1fc1ea-e,Ronald Gray,male,49,4,proactive,8,18773058,60.85
de1bb04d-9,Collin Wilkerson,male,46,11,proactive,6,88492487,59.43
54c2b470-3,Shane Walker,male,46,19,,4,23097077,66.65
1327b4b3-3,Jeremy Evans,male,49,9,proactive,7,15838682,58.24
bb8fc9fd-b,Robert Miller,male,59,19,proactive,7,23393825,61.95
7a930087-a,Troy Graham,male,56,19,conservative,9,40343227,44.56
f97847c0-6,Michael Green,male,45,9,conservative,8,21382275,42.52
f48cbc8a-c,James Nichols,male,37,7,conservative,3,67332883,36.44
ae3416af-e,Joseph Lopez,male,50,6,proactive,8,65820129,57.06
fb00272d-9,Jason Lewis,male,47,15,conservative,8,61165323,38.87
3f5a8418-b,Antonio Ellis,male,46,18,proactive,8,16734265,57.84
d9d17dda-5,Elizabeth Short,female,52,23,proactive,9,24616820,58.53
a9dda5cc-f,Martin Miller,male,42,8,proactive,7,26176222,61.62
79cc870a-b,Jeffery Davis,male,47,6,proactive,2,21120933,57.03
51286928-2,Matthew Webster,male,45,2,conservative,4,11848608,49.93
f24f5f34-a,Justin Nelson,male,49,2,proactive,4,12975922,56.97
d3498788-e,Kristopher Estrada,male,50,-1,proactive,4,27216192,62.05
51ddc191-8,Mathew Booker,male,42,13,conservative,5,17343503,38.75
8cb36729-4,Joseph Whitney,male,50,12,proactive,5,61002733,57.59
eface0fa-9,Mark Bird,male,42,11,proactive,5,25461065,59.51
84074a8a-1,Daniel Frost MD,male,44,17,conservative,4,25538488,32.16
49d22efd-3,Christopher Maddox,male,51,23,proactive,4,12036922,62.53
7dbe8934-8,Stanley Barnett,male,47,12,conservative,4,19606178,48.18
4eb2fc23-2,Thomas Huff,male,53,16,conservative,9,26392203,39.15
1a542e4f-2,Matthew Davis,male,49,9,proactive,8,15165874,59.01
2eda0cf9-8,Alex Sawyer,male,47,4,conservative,4,29238605,42.68
57ae15b1-6,William Porter,male,38,4,proactive,7,11574692,61.72
a7c336d9-2,Jason Figueroa,male,48,13,proactive,5,42839716,59.82
1427aca6-a,Joel Shelton,male,58,21,conservative,7,93764998,49.55
57f35f96-d,Larry Harrison,male,48,18,conservative,4,35800377,48.24
d7136ccb-7,Christopher Mueller,male,51,14,conservative,6,94412953,48.99
2d0cfc63-2,Robert Shaw,male,46,11,conservative,6,30236733,53.44
615027c8-9,Nathaniel Stevens,,45,4,conservative,7,25681071,50.43
77b31830-3,Ronald Yu MD,male,52,19,conservative,4,68897712,48.91
41809d52-e,Willie Martin,male,49,11,conservative,8,15021460,55.07
e20460d4-d,David Baker,male,45,3,conservative,2,15936314,48.08
77aadc74-6,Cory Bradley,male,47,11,conservative,5,86300040,43.69
73e94458-5,Brian Mitchell,male,48,11,proactive,5,17455005,61.32
c394e928-4,Dr. Cody Thompson,male,52,14,conservative,6,30700835,43.72
74f66d5d-b,Gary Burns,male,42,5,proactive,3,20539869,59.15
6d1a55cc-2,Daniel Swanson,male,46,9,proactive,2,31283392,57.98
3f99b83d-8,Mark Coffey,male,49,20,proactive,8,11688127,58.29
6e1c04ff-f,Thomas Sanchez,male,41,8,conservative,2,21454082,47.91
4b40b4cd-b,Mark Moore,male,46,8,conservative,4,32206460,46.16
9731b1e1-d,Brandon Long,male,39,3,proactive,4,29724606,62.82
24259efb-9,Justin Cooper,male,48,11,conservative,5,16104031,47.64
364e7e67-6,Patrick Goodman,male,56,13,proactive,5,91314732,59.61
7d8fa142-e,Aaron Guzman,male,56,32,conservative,9,33267203,43.93
6b15a441-8,Michael Johnson,male,48,7,,2,42562600,60.73
2d85e810-a,Joseph Fleming,male,39,7,conservative,2,30549431,40.74
acc30f33-2,Ralph Carter,male,52,13,proactive,6,27199418,58.6
a8286acf-9,Mark Mays,male,43,5,conservative,3,37803062,42.18
1717fad3-a,Craig Phillips,male,46,0,conservative,7,20839152,40.95
14dba0e5-2,James King,male,43,9,conservative,4,18312744,38.28
e6021667-f,Kevin Vargas,male,47,14,proactive,4,15483314,62.0
cd5e059d-4,Barry Garcia,male,41,10,proactive,7,19347105,57.15
e8f867c1-6,Robert Hubbard,male,47,15,conservative,4,28855600,46.51
d7d2da6c-7,Manuel Perez,male,40,4,proactive,7,47225350,61.26
75da685e-3,Timothy Moreno,male,48,10,conservative,7,64799581,39.91
999bfb39-a,Jesse Harris DDS,male,41,14,conservative,6,27065412,52.2
eb97f217-2,David Henry,male,51,14,conservative,4,29329730,43.44
3a39d7c5-5,Linda Howard,female,55,21,proactive,4,14488991,58.17
adcb80db-8,Jamie Perez,female,54,22,proactive,4,21171217,58.57
14a70ae8-6,Christian Hooper,male,50,9,proactive,3,30282879,61.26
4da6b38a-0,Robert Arias,male,42,3,conservative,3,15075117,46.42
d73ec7ac-4,Clayton Clark,male,39,5,proactive,8,30225264,59.14
e3c8ffe8-a,Robert Sandoval,male,51,18,,4,26385535,63.74
15650285-a,William Schneider,male,41,7,,7,26925205,62.02
bfe7ca44-3,Adam Green,male,57,15,conservative,8,31570449,52.45
1ba0d306-f,Kevin Williams DDS,male,50,8,proactive,4,29561686,60.03
8f60636e-2,Christopher Henderson,male,51,15,proactive,8,55437819,58.25
b0ac47b8-d,Gregory Carter,male,53,30,conservative,7,33861922,43.9
f42de551-5,Todd Meadows,male,49,4,proactive,8,24958136,61.55
7c914002-f,Charles Taylor,male,47,12,conservative,5,26453679,46.32
2936eb9c-5,Dr. Christine Brennan,,49,12,conservative,5,12779172,44.59
df945cf8-d,Richard Harris,male,51,17,proactive,4,25666034,61.88
3b999596-8,Richard Allen,male,49,5,,3,11362115,63.18
2f53dab7-3,Michael Jacobs,male,45,11,conservative,5,27773699,42.19
3659395a-c,Brandon Nelson,male,45,9,proactive,8,77925345,59.43
a9249325-6,Jimmy Bryan,male,42,12,proactive,8,16169592,58.15
12d2d51b-0,Paul Ward,male,53,22,,4,93814071,63.89
b5a7d804-4,Shannon Ramsey,male,54,26,proactive,8,26591744,59.91
4fb33eca-0,Joseph Miller,male,48,4,conservative,3,14952628,46.74
602e0ac7-b,Rodney Sutton,male,52,17,conservative,6,32113154,34.09
63da32da-1,Stephen Peterson,male,46,17,proactive,7,10440136,60.48
6dbe87a1-7,Kayla Wheeler,female,49,11,proactive,6,33464796,60.85
91568c31-1,Timothy Everett,male,57,22,conservative,7,12388956,48.06
a6079f34-7,Michael Lester,male,43,7,conservative,2,20658808,42.38
25d775ad-a,Kevin Buck,male,52,19,proactive,7,29113481,59.66
be6c4dd8-0,Aaron Kennedy,male,48,8,proactive,7,51113858,63.04
1a6127b2-6,Jose Roberts,male,54,18,proactive,9,33393849,56.33
cc4226d8-b,John Zhang,male,47,16,proactive,7,14758432,63.88
aa819c6a-2,Donald Evans,male,43,-8,conservative,3,26300714,52.3
9bb5a514-3,Daniel Obrien,male,46,9,conservative,8,89502718,39.61
2e3ddd81-d,Michael Parker,male,40,5,conservative,7,31228870,42.77
50869e2e-0,Aaron Nelson,male,47,6,conservative,3,11614287,45.84
790cb209-9,Tricia Gutierrez,female,37,5,proactive,3,18391727,61.4
50a9e569-f,Christopher Smith,male,42,11,conservative,4,19398597,47.45
9966a15f-e,Jeffrey James,male,48,12,conservative,5,11353496,44.12
60e8c93a-7,Mark Hahn,male,46,7,conservative,2,25006328,44.29
e6d6a7e4-4,Todd Hayes,male,48,14,conservative,4,70103840,41.72
028a9acf-f,John Williams MD,male,40,7,conservative,8,11072962,47.47
d86180b3-9,Steven White,male,48,10,proactive,3,50611944,59.92
dd4bb4f8-0,Alexander Hernandez,male,52,16,conservative,4,24066661,46.04
f62241c8-2,Wendy Gonzalez,,47,9,proactive,3,12457021,61.21
b58c0346-c,Jeffery Fowler,male,40,7,proactive,7,12652160,61.87
de01375f-3,Mark Zamora,male,50,14,conservative,6,12382355,44.79
6cfb093a-b,Ronald Bryant,male,42,7,conservative,7,33873001,45.58
5da4b9fb-0,Eric Hernandez,male,47,13,conservative,6,18580086,44.92
25ef512e-5,Charles Hatfield,male,35,2,conservative,8,21302712,46.87
23c13fec-0,Marcus Allen,male,51,25,conservative,8,19268982,38.9
f9bfab6e-1,Brandon Grimes,male,50,4,proactive,8,32405230,60.79
50ca1954-f,Edward Silva,male,46,12,proactive,8,23067645,63.25
d986004f-e,Eddie Baker,male,46,5,conservative,7,10233490,42.08
f2bc8b7d-6,Scott Wilson,male,46,3,conservative,3,53488335,48.88
d3d1adc9-1,Kenneth Singleton,male,49,11,conservative,6,18405928,34.86
ef9b7ac0-4,Michael Harris,male,51,11,proactive,4,15735831,57.48
07691c0d-f,Anne Hayden,female,47,6,conservative,8,30735187,47.05
fe3ad636-f,Christian Brown,male,51,10,conservative,7,10750770,43.24
7b804924-1,Mr. Micheal Cabrera,male,52,18,proactive,6,21772476,58.32
e557d444-e,Anna Sanders,,51,6,conservative,3,12090353,48.74
ba389c6b-8,Andrew Thomas,male,47,7,conservative,3,24820380,51.0
9cd440c5-9,Sabrina Douglas,female,44,17,conservative,9,17239634,44.8
3e88edb2-f,Ronald Rose,male,56,29,proactive,4,10529747,62.07
5573a5ed-c,Scott Young,male,48,1,conservative,4,32789303,47.05
2a819968-b,Brian Vaughn,male,58,11,conservative,4,31047945,39.89
4280684e-5,Andrew Davidson,male,55,18,,8,55417825,63.07
7ea1c2ea-1,Jason Schmidt,male,54,27,proactive,9,11845291,61.81
0865b090-c,Mario Davis,male,48,13,conservative,6,31219400,48.51
2ac3e9e7-b,Donald Christensen,male,46,8,proactive,3,13279767,59.88
117112bb-8,Victoria Smith,female,56,21,proactive,8,31370619,60.14
de00532c-6,Melvin Flores,male,51,18,conservative,8,25830987,50.97
6e573c78-8,Kyle Brown,male,50,7,proactive,2,33602397,58.93
366215c0-9,Joseph Burke,male,46,0,proactive,7,20476263,58.39
510e4a9f-b,Colin Lopez,male,49,6,proactive,2,23294840,60.82
0e972e06-3,Michael Farmer,male,47,14,conservative,5,13785777,39.54
418fabef-2,Chase Daugherty,male,51,18,proactive,7,23455732,61.96
05db8ada-b,Kyle Martin DDS,male,48,0,proactive,3,38275201,55.15
d900505e-1,Jason Scott,male,47,11,proactive,6,26630473,56.6
7d2217a2-0,Rodney Sanchez,male,44,6,conservative,7,12586136,40.55
f7a0e76b-7,Mr. Chase Goodwin,male,55,12,conservative,6,25645784,52.12
598e280e-2,Robert Mccoy,male,57,11,proactive,6,13772166,57.8
9117838e-1,Steven Guzman,male,49,9,proactive,7,22423873,57.11
116dfe83-c,Brandon Fox,male,53,26,proactive,9,19625218,62.41
7d6a854e-c,Cody Gutierrez,male,52,26,proactive,4,17886411,61.03
55a5b007-9,Thomas Higgins,male,48,6,proactive,2,24098365,62.56
e5326380-5,Christopher Wright,male,48,4,conservative,3,79196554,50.12
f284bb24-c,Michael Jennings,male,54,14,conservative,8,22242695,44.69
5f3b56db-1,Gary Quinn,male,49,1,proactive,8,89462911,59.18
bcc3b7c0-8,Ryan Williams,male,46,18,proactive,4,20675169,62.13
21d05862-0,Sabrina Wells,female,45,4,conservative,2,15272377,49.72
1810b982-0,Curtis Thomas,male,49,14,conservative,5,90639626,44.33
57f77e99-8,Robert Johnson,male,60,26,proactive,4,17792974,60.64
e64c4059-8,Patrick Hernandez,male,46,20,proactive,8,17248432,58.42
7e6a0cf5-1,Richard Ortiz,male,49,10,conservative,7,21865328,48.29
c4a966b0-b,Peter Rodriguez,male,49,5,conservative,8,33564827,43.14
e5d104b5-1,Michael Robinson,male,56,24,proactive,8,34755903,56.3
